date,sunrise,sunset,daylength,day_length_diff,astro_twilight_start,astro_twilight_end,nautical_twilight_start,nautical_twilight_end,civil_twilight_start,civil_twilight_end,solar_noon_time,solar_noon_distance,temp_mean,temp_min,temp_max,rain_mm,pressure_early,pressure_late,wind_mean,wind_max,wind_dir,sun_hours
2011-12-01,08:18,15:44,07:25:45,−2:37,06:00:00,18:02:00,06:45:00,17:17:00,07:33:00,16:29:00,12:01 12.3,147.52,3.6,0.4,4.6,0,995,1004,4.1,36.0,SSW,2.7
2011-12-02,08:20,15:43,07:23:13,−2:31,06:02:00,18:01:00,06:46:00,17:16:00,07:34:00,16:28:00,12:02 12.2,147.495,2.6,1.5,7.5,5.5,1003,983,6.5,36.0,SSW,1.8
2011-12-03,08:21,15:42,07:20:48,−2:25,06:03:00,18:01:00,06:48:00,17:16:00,07:36:00,16:28:00,12:02 12.0,147.471,2.4,0.4,4.4,6.0 s,986,988,9.5,46.0,SSW,0.75
2011-12-04,08:23,15:41,07:18:29,−2:18,06:04:00,18:00:00,06:49:00,17:15:00,07:37:00,16:27:00,12:02 11.9,147.447,1.6,0.9,0.4,3.7 s,988,992,4.5,22.0,SSW,1.66
2011-12-05,08:24,15:41,07:16:17,−2:12,06:05:00,18:00:00,06:50:00,17:15:00,07:39:00,16:27:00,12:03 11.8,147.425,1.6,4.2,0.2,2.9 s,994,998,2.8,17.0,SSW,1.08
2011-12-06,08:26,15:40,07:14:11,−2:05,06:06:00,18:00:00,06:52:00,17:14:00,07:40:00,16:26:00,12:03 11.6,147.403,2.7,2.8,1.2,5.1 s,998,992,3.7,19.0,WSW,2.92
2011-12-07,08:27,15:40,07:12:12,−1:58,06:07:00,17:59:00,06:53:00,17:14:00,07:41:00,16:26:00,12:04 11.5,147.381,0.2,5.3,3.8,8.6 s,989,1005,6.1,39.0,SSW,0.15
2011-12-08,08:29,15:39,07:10:20,−1:51,06:09:00,17:59:00,06:54:00,17:14:00,07:42:00,16:25:00,12:04 11.4,147.361,2.4,0.8,6.7,14.6,979,981,,62.0,SSW,0.72
2011-12-09,08:30,15:39,07:08:36,−1:44,06:10:00,17:59:00,06:55:00,17:14:00,07:44:00,16:25:00,12:04 11.3,147.342,0.8,0.9,1.4,2.6 s,1000,1007,6.7,34.0,WSW,0.75
2011-12-10,08:31,15:38,07:06:58,−1:37,06:11:00,17:59:00,06:56:00,17:14:00,07:45:00,16:25:00,12:05 11.2,147.323,3.2,8,3.5,0.5 s,1008,1001,1.0,10.0,SSE,1.46
2011-12-11,08:33,15:38,07:05:28,−1:30,06:12:00,17:59:00,06:57:00,17:13:00,07:46:00,16:25:00,12:05 11.1,147.305,0.1,6.2,3.6,0,996,992,2.0,15.0,SSW,2.08
2011-12-12,08:34,15:38,07:04:05,−1:22,06:13:00,17:59:00,06:58:00,17:13:00,07:47:00,16:25:00,12:06 11.1,147.288,0.8,3,5.1,0.2,991,972,8.1,41.0,SSW,3.65
2011-12-13,08:35,15:38,07:02:51,−1:14,06:13:00,17:59:00,06:59:00,17:13:00,07:48:00,16:25:00,12:06 11.0,147.272,1.9,0.1,4.5,6.9,964,960,12.2,41.0,SSW,2.39
2011-12-14,08:36,15:38,07:01:43,−1:07,06:14:00,17:59:00,07:00:00,17:14:00,07:49:00,16:25:00,12:07 10.9,147.257,2.8,0.1,5.7,0.1,972,982,10.8,31.0,SSW,4.44
2011-12-15,08:37,15:38,07:00:44,−0:59,06:15:00,17:59:00,07:01:00,17:14:00,07:50:00,16:25:00,12:07 10.9,147.243,1.3,1.2,2.5,0,989,991,2.2,14.0,SSW,4.8
2011-12-16,08:38,15:38,06:59:53,−0:50,06:16:00,17:59:00,07:02:00,17:14:00,07:51:00,16:25:00,12:08 10.8,147.23,4.9,8.3,0.4,0.9 s,989,1000,0.1,5.0,NNE,0.0
2011-12-17,08:39,15:38,06:59:10,−0:43,06:17:00,18:00:00,07:02:00,17:14:00,07:51:00,16:25:00,12:08 10.8,147.217,3,8.4,0.5,2.3 s,1006,1012,1.2,13.0,S,0.97
2011-12-18,08:39,15:38,06:58:35,−0:34,06:17:00,18:00:00,07:03:00,17:14:00,07:52:00,16:25:00,12:09 10.7,147.205,4.4,7.9,0.3,0.3 s,1015,1014,0.3,7.0,S,0.85
2011-12-19,08:40,15:38,06:58:09,−0:26,06:18:00,18:00:00,07:04:00,17:15:00,07:53:00,16:26:00,12:09 10.7,147.194,3.2,8.9,3.9,4,1007,1002,2.3,22.0,SSW,0.0
2011-12-20,08:41,15:39,06:57:50,−0:18,06:19:00,18:01:00,07:04:00,17:15:00,07:53:00,16:26:00,12:10 10.7,147.184,0.2,4.2,2.2,4.3,1010,1011,3.8,22.0,SSW,0.04
2011-12-21,08:41,15:39,06:57:40,−0:10,06:19:00,18:01:00,07:05:00,17:15:00,07:54:00,16:26:00,12:10 10.7,147.174,4.8,0.1,10.5,1.3,1010,1008,5.8,31.0,SSW,0.03
2011-12-22,08:42,15:40,06:57:38,−0:01,06:20:00,18:02:00,07:05:00,17:16:00,07:55:00,16:27:00,12:11 10.7,147.164,9,1.1,10.5,0.3,1012,1004,11.0,32.0,SSW,0.0
2011-12-23,08:42,15:40,06:57:45,+0:06,06:20:00,18:02:00,07:06:00,17:17:00,07:55:00,16:27:00,12:11 10.7,147.156,4.2,0.2,4.4,0,1007,1014,6.3,33.0,SSW,3.49
2011-12-24,08:43,15:41,06:58:00,+0:14,06:21:00,18:03:00,07:06:00,17:17:00,07:55:00,16:28:00,12:12 10.7,147.147,3.4,0.1,10.8,0.6,1011,1007,10.0,34.0,SSW,1.26
2011-12-25,08:43,15:41,06:58:23,+0:23,06:21:00,18:03:00,07:07:00,17:18:00,07:56:00,16:29:00,12:12 10.7,147.14,7.9,4.1,12.6,0.5,1001,1008,14.3,56.0,SSW,1.39
2011-12-26,08:43,15:42,06:58:54,+0:31,06:21:00,18:04:00,07:07:00,17:19:00,07:56:00,16:29:00,12:13 10.8,147.133,8,8.6,13.1,1.1,1008,1014,14.8,50.0,SSW,0.01
2011-12-27,08:43,15:43,06:59:34,+0:39,06:22:00,18:05:00,07:07:00,17:19:00,07:56:00,16:30:00,12:13 10.8,147.126,2.3,2.1,8.7,2.1,1027,1011,4.5,33.0,SSE,0.0
2011-12-28,08:44,15:44,07:00:22,+0:47,06:22:00,18:06:00,07:07:00,17:20:00,07:56:00,16:31:00,12:14 10.8,147.12,3.8,1.4,6.5,9.1,990,1003,14.5,45.0,SSW,0.11
2011-12-29,08:44,15:45,07:01:18,+0:55,06:22:00,18:06:00,07:08:00,17:21:00,07:57:00,16:32:00,12:14 10.9,147.115,0.6,0.6,2.9,4.1,1003,1008,8.9,28.0,WSW,1.32
2011-12-30,08:44,15:46,07:02:21,+1:03,06:22:00,18:07:00,07:08:00,17:22:00,07:57:00,16:33:00,12:15 11.0,147.11,0.1,2.5,7.1,8.2,1013,999,2.6,23.0,S,
2011-12-31,08:43,15:47,07:03:33,+1:11,06:22:00,18:08:00,07:08:00,17:23:00,07:57:00,16:34:00,12:15 11.0,147.106,5.7,2,10,4,997,988,7.3,28.0,SSW,
2012-01-01,08:43,15:48,07:04:53,+1:19,06:22:00,18:09:00,07:08:00,17:24:00,07:56:00,16:35:00,12:16 11.1,147.102,2.5,3,3.4,0.3,988,991,6.7,30.0,SSW,
2012-01-02,08:43,15:49,07:06:20,+1:27,06:22:00,18:10:00,07:08:00,17:25:00,07:56:00,16:36:00,12:16 11.2,147.1,0.1,0.1,3.4,6.6,960,991,7.8,29.0,SSW,
2012-01-03,08:43,15:51,07:07:55,+1:34,06:22:00,18:11:00,07:08:00,17:26:00,07:56:00,16:37:00,12:17 11.3,147.098,1.6,0.5,3.2,6.4,960,991,8.8,38.0,W,
2012-01-04,08:42,15:52,07:09:37,+1:42,06:22:00,18:12:00,07:07:00,17:27:00,07:56:00,16:38:00,12:17 11.4,147.097,1.4,0.5,3.1,15.4,1000,980,9.2,33.0,WSW,0.0
2012-01-05,08:42,15:53,07:11:26,+1:49,06:22:00,18:13:00,07:07:00,17:28:00,07:56:00,16:40:00,12:17 11.5,147.097,0.7,1.4,1.9,2.7,993,1015,7.3,31.0,W,0.78
2012-01-06,08:41,15:55,07:13:23,+1:56,06:22:00,18:14:00,07:07:00,17:29:00,07:55:00,16:41:00,12:18 11.6,147.098,2.3,1.4,7.6,1.4,,1019,5.6,27.0,SSW,0.48
2012-01-07,08:41,15:56,07:15:26,+2:03,06:21:00,18:16:00,07:07:00,17:30:00,07:55:00,16:42:00,12:18 11.7,147.1,3.6,1.3,5.9,2.6,1010,1016,9.8,30.0,WSW,0.15
2012-01-08,08:40,15:58,07:17:37,+2:10,06:21:00,18:17:00,07:06:00,17:32:00,07:54:00,16:44:00,12:19 11.8,147.103,5.5,3.4,9.5,1.4,1020,1016,7.3,32.0,SSW,0.0
2012-01-09,08:39,15:59,07:19:54,+2:16,06:21:00,18:18:00,07:06:00,17:33:00,07:54:00,16:45:00,12:19 12.0,147.107,4.3,4.5,7.9,0.1,,1022,8.0,36.0,SSW,3.91
2012-01-10,08:39,16:01,07:22:17,+2:23,06:20:00,18:19:00,07:05:00,17:34:00,07:53:00,16:46:00,12:20 12.1,147.111,6.4,0.2,8.7,0.2,1021,1019,9.5,32.0,SSW,0.37
2012-01-11,08:38,16:03,07:24:47,+2:29,06:20:00,18:21:00,07:05:00,17:36:00,07:52:00,16:48:00,12:20 12.3,147.117,6.1,2.5,10.5,6.3,,1010,10.8,47.0,SSW,1.92
2012-01-12,08:37,16:04,07:27:23,+2:35,06:19:00,18:22:00,07:04:00,17:37:00,07:52:00,16:49:00,12:20 12.4,147.123,4.8,2.7,5.1,2,1019,1027,7.8,36.0,WSW,1.73
2012-01-13,08:36,16:06,07:30:04,+2:41,06:19:00,18:23:00,07:03:00,17:39:00,07:51:00,16:51:00,12:21 12.6,147.131,1,2.4,1.4,0,1034,1032,0.2,7.0,SSW,4.94
2012-01-14,08:35,16:08,07:32:52,+2:47,06:18:00,18:25:00,07:03:00,17:40:00,07:50:00,16:53:00,12:21 12.8,147.139,1.8,5.6,1.2,0,1025,1024,0.1,2.0,S,4.28
2012-01-15,08:34,16:10,07:35:45,+2:53,06:17:00,18:26:00,07:02:00,17:41:00,07:49:00,16:54:00,12:22 12.9,147.149,5,8.8,1.5,0,1024,1024,0.1,4.0,NNE,2.15
2012-01-16,08:33,16:11,07:38:44,+2:58,06:17:00,18:28:00,07:01:00,17:43:00,07:48:00,16:56:00,12:22 13.1,147.159,5.1,9.9,1.2,0,1024,1021,1.2,17.0,S,5.78
2012-01-17,08:32,16:13,07:41:48,+3:03,06:16:00,18:29:00,07:00:00,17:45:00,07:47:00,16:58:00,12:22 13.3,147.169,2.4,9.9,9.5,0,1020,1013,3.5,32.0,S,3.58
2012-01-18,08:30,16:15,07:44:57,+3:08,06:15:00,18:31:00,06:59:00,17:46:00,07:46:00,16:59:00,12:23 13.5,147.181,4.2,0.1,6.6,2.3 s,1010,1010,10.6,37.0,SSW,4.65
2012-01-19,08:29,16:17,07:48:11,+3:13,06:14:00,18:32:00,06:58:00,17:48:00,07:45:00,17:01:00,12:23 13.7,147.193,0.1,0.2,2.4,6.7 s,1007,1006,6.8,28.0,SSW,0.86
2012-01-20,08:28,16:19,07:51:29,+3:18,06:13:00,18:34:00,06:57:00,17:49:00,07:44:00,17:03:00,12:23 13.9,147.206,1.8,1.5,6.8,4.8,1011,1001,4.9,25.0,SSW,0.0
2012-01-21,08:26,16:21,07:54:52,+3:22,06:12:00,18:35:00,06:56:00,17:51:00,07:43:00,17:05:00,12:23 14.1,147.219,3,0.5,4.2,10.5,996,1001,12.7,41.0,WSW,0.48
2012-01-22,08:25,16:23,07:58:19,+3:27,06:11:00,18:37:00,06:55:00,17:53:00,07:42:00,17:06:00,12:24 14.4,147.233,2,0.6,4.6,1.9,1000,1008,6.8,26.0,WSW,2.44
2012-01-23,08:23,16:25,08:01:51,+3:31,06:10:00,18:38:00,06:54:00,17:54:00,07:40:00,17:08:00,12:24 14.6,147.247,0.3,1.1,2.3,0,1010,1016,5.3,23.0,SW,0.62
2012-01-24,08:22,16:27,08:05:26,+3:35,06:09:00,18:40:00,06:53:00,17:56:00,07:39:00,17:10:00,12:24 14.8,147.262,0.7,3,8.9,0.8,1012,1010,1.2,16.0,ESE,0.05
2012-01-25,08:20,16:29,08:09:05,+3:39,06:08:00,18:42:00,06:52:00,17:58:00,07:38:00,17:12:00,12:24 15.1,147.277,5.3,2.3,2.4,2.4,1000,995,7.8,35.0,SSE,0.0
2012-01-26,08:19,16:31,08:12:48,+3:42,06:07:00,18:43:00,06:51:00,18:00:00,07:36:00,17:14:00,12:25 15.3,147.293,0.8,3.5,9.9,0,999,1001,0.4,9.0,SE,2.26
2012-01-27,08:17,16:34,08:16:34,+3:46,06:06:00,18:45:00,06:49:00,18:01:00,07:35:00,17:16:00,12:25 15.6,147.309,0.1,3.2,2,0,1009,1023,0.6,11.0,SW,3.53
2012-01-28,08:15,16:36,08:20:23,+3:49,06:04:00,18:47:00,06:48:00,18:03:00,07:33:00,17:18:00,12:25 15.8,147.326,0,4.2,2.9,0,1030,1032,0.1,5.0,SW,1.67
2012-01-29,08:14,16:38,08:24:16,+3:52,06:03:00,18:49:00,06:46:00,18:05:00,07:32:00,17:20:00,12:25 16.1,147.344,0.2,4,4.9,0,1031,1030,4.8,28.0,ESE,5.6
2012-01-30,08:12,16:40,08:28:11,+3:55,06:01:00,18:50:00,06:45:00,18:07:00,07:30:00,17:21:00,12:25 16.4,147.362,0.6,0.2,3.5,0,1029,1029,6.1,25.0,ESE,4.21
2012-01-31,08:10,16:42,08:32:09,+3:58,06:00:00,18:52:00,06:43:00,18:09:00,07:29:00,17:23:00,12:26 16.6,147.381,0.7,1.6,3.4,0,1031,1036,5.8,22.0,ESE,3.68
2012-02-01,08:08,16:44,08:36:10,+4:01,05:59:00,18:54:00,06:42:00,18:10:00,07:27:00,17:25:00,12:26 16.9,147.4,2,2.1,3.5,0,1038,1039,3.0,19.0,SSE,7.03
2012-02-02,08:06,16:46,08:40:14,+4:03,05:57:00,18:56:00,06:40:00,18:12:00,07:25:00,17:27:00,12:26 17.2,147.42,4.1,7.5,1.6,0,1038,1036,9.9,11.0,SE,5.38
2012-02-03,08:04,16:49,08:44:20,+4:06,05:56:00,18:57:00,06:39:00,18:14:00,07:23:00,17:29:00,12:26 17.5,147.441,5.3,11.8,4.8,0,1037,1034,0.7,13.0,SSW,7.04
2012-02-04,08:02,16:51,08:48:28,+4:08,05:54:00,18:59:00,06:37:00,18:16:00,07:22:00,17:31:00,12:26 17.8,147.463,1.1,11.4,5.2,0,1024,1019,3.7,30.0,SSE,0.0
2012-02-05,08:00,16:53,08:52:39,+4:10,05:52:00,19:01:00,06:35:00,18:18:00,07:20:00,17:33:00,12:26 18.1,147.486,2.2,1.4,4.4,0,1022,1028,2.4,16.0,SSW,1.31
2012-02-06,07:58,16:55,08:56:52,+4:12,05:51:00,19:03:00,06:34:00,18:20:00,07:18:00,17:35:00,12:26 18.4,147.509,0.6,3,4.6,0,1034,1037,0.1,4.0,SW,5.97
2012-02-07,07:56,16:57,09:01:06,+4:14,05:49:00,19:05:00,06:32:00,18:22:00,07:16:00,17:37:00,12:26 18.7,147.533,3.9,10,3.3,0,1039,1038,1.3,16.0,SW,7.45
2012-02-08,07:54,17:00,09:05:23,+4:16,05:47:00,19:07:00,06:30:00,18:24:00,07:14:00,17:39:00,12:26 19.0,147.558,0.1,9.5,4.8,7.1,1035,1033,5.5,24.0,S,0.82
2012-02-09,07:52,17:02,09:09:41,+4:18,05:45:00,19:09:00,06:28:00,18:26:00,07:12:00,17:41:00,12:26 19.3,147.584,4.8,1.5,6.8,0,1033,1034,1.3,17.0,S,0.0
2012-02-10,07:50,17:04,09:14:01,+4:19,05:43:00,19:11:00,06:26:00,18:27:00,07:10:00,17:43:00,12:26 19.7,147.611,2,2.7,5.9,0.1,1031,1030,2.6,17.0,SW,0.04
2012-02-11,07:48,17:06,09:18:22,+4:21,05:42:00,19:12:00,06:25:00,18:29:00,07:08:00,17:46:00,12:27 20.0,147.638,4.2,0.7,5.7,1.4,1032,1035,0.8,8.0,SSE,0.29
2012-02-12,07:46,17:08,09:22:45,+4:22,05:40:00,19:14:00,06:23:00,18:31:00,07:06:00,17:48:00,12:26 20.3,147.666,2.6,1.3,5.9,0.8,1036,1032,2.5,14.0,SW,3.01
2012-02-13,07:43,17:10,09:27:10,+4:24,05:38:00,19:16:00,06:21:00,18:33:00,07:04:00,17:50:00,12:26 20.6,147.695,5.1,1.2,8,0,1026,1029,6.2,27.0,WSW,0.13
2012-02-14,07:41,17:13,09:31:35,+4:25,05:36:00,19:18:00,06:19:00,18:35:00,07:02:00,17:52:00,12:26 21.0,147.725,6.1,2.5,8.7,1.0,1025,1023,7.5,30.0,W,0.0
2012-02-15,07:39,17:15,09:36:02,+4:26,05:34:00,19:20:00,06:17:00,18:37:00,07:00:00,17:54:00,12:26 21.3,147.755,6.2,5.6,8.4,0.1,1024,1025,7.6,27.0,W,0.23
2012-02-16,07:37,17:17,09:40:30,+4:28,05:32:00,19:22:00,06:15:00,18:39:00,06:58:00,17:56:00,12:26 21.7,147.785,7.6,4.8,12.2,0.3,1017,1017,8.8,33.0,WSW,3.87
2012-02-17,07:34,17:19,09:45:00,+4:29,05:30:00,19:24:00,06:12:00,18:41:00,06:56:00,17:58:00,12:26 22.0,147.816,5.2,2.6,8,6.3,1014,1000,7.8,32.0,SW,0.52
2012-02-18,07:32,17:21,09:49:30,+4:30,05:27:00,19:26:00,06:10:00,18:43:00,06:54:00,18:00:00,12:26 22.4,147.848,2.4,0.1,3.5,2.3 s,993,1008,4.0,17.0,WSW,2.64
2012-02-19,07:30,17:24,09:54:01,+4:31,05:25:00,19:28:00,06:08:00,18:45:00,06:51:00,18:02:00,12:26 22.7,147.88,0.7,4.1,5.7,1.1,1021,1023,5.0,21.0,WSW,2.01
2012-02-20,07:27,17:26,09:58:33,+4:32,05:23:00,19:30:00,06:06:00,18:47:00,06:49:00,18:04:00,12:26 23.1,147.912,5.6,1.9,11.2,1,1011,1012,10.8,39.0,SSW,1.18
2012-02-21,07:25,17:28,10:03:06,+4:32,05:21:00,19:32:00,06:04:00,18:49:00,06:47:00,18:06:00,12:26 23.4,147.944,9.9,5.4,12.5,0.8,1013,1007,8.9,33.0,SSW,0.47
2012-02-22,07:22,17:30,10:07:39,+4:33,05:19:00,19:34:00,06:02:00,18:51:00,06:45:00,18:08:00,12:26 23.8,147.977,9.5,5.6,13.5,0.2,1000,1005,7.3,32.0,SW,0.87
2012-02-23,07:20,17:32,10:12:14,+4:34,05:16:00,19:36:00,05:59:00,18:53:00,06:42:00,18:10:00,12:26 24.1,148.01,10.5,7.2,13.9,0.1,1008,1009,13.5,45.0,SW,0.44
2012-02-24,07:18,17:34,10:16:49,+4:34,05:14:00,19:38:00,05:57:00,18:55:00,06:40:00,18:12:00,12:26 24.5,148.043,6.4,4.9,8.3,0,1015,1021,12.8,37.0,WSW,3.09
2012-02-25,07:15,17:37,10:21:24,+4:35,05:12:00,19:41:00,05:55:00,18:57:00,06:38:00,18:14:00,12:25 24.9,148.077,6.1,3.2,8.7,1.1,1019,1022,6.0,27.0,SW,2.42
2012-02-26,07:13,17:39,10:26:00,+4:36,05:09:00,19:43:00,05:52:00,18:59:00,06:35:00,18:16:00,12:25 25.3,148.111,7.7,2.9,12.4,0,1023,1015,6.0,24.0,SSW,3.84
2012-02-27,07:10,17:41,10:30:37,+4:36,05:07:00,19:45:00,05:50:00,19:01:00,06:33:00,18:18:00,12:25 25.6,148.145,11,4.8,14,0,1011,1012,9.4,35.0,SSW,0.49
2012-02-28,07:08,17:43,10:35:14,+4:37,05:04:00,19:47:00,05:48:00,19:03:00,06:30:00,18:20:00,12:25 26.0,148.18,11.2,9.6,13.7,0,1015,1017,7.5,30.0,SSW,0.16
2012-02-29,07:05,17:45,10:39:51,+4:37,05:02:00,19:49:00,05:45:00,19:06:00,06:28:00,18:23:00,12:25 26.4,148.215,9.6,8,11.2,0,1016,1016,6.1,27.0,SW,0.43
2012-03-01,07:03,17:47,10:44:29,+4:37,04:59:00,19:51:00,05:43:00,19:08:00,06:26:00,18:25:00,12:25 26.8,148.25,7.9,6.9,11.2,0.7,1018,1026,4.5,23.0,NE,0.09
2012-03-02,07:00,17:49,10:49:07,+4:38,04:57:00,19:53:00,05:40:00,19:10:00,06:23:00,18:27:00,12:24 27.1,148.286,7.5,2.7,11.7,0,1025,1018,5.1,24.0,ESE,3.04
2012-03-03,06:58,17:52,10:53:46,+4:38,04:54:00,19:55:00,05:38:00,19:12:00,06:21:00,18:29:00,12:24 27.5,148.322,5.4,5.1,10.3,0,1009,1010,9.3,39.0,SE,3.3
2012-03-04,06:55,17:54,10:58:24,+4:38,04:52:00,19:58:00,05:35:00,19:14:00,06:18:00,18:31:00,12:24 27.9,148.359,1.8,1.9,7.4,0.1 s,1015,1019,1.8,15.0,SSW,1.53
2012-03-05,06:53,17:56,11:03:03,+4:38,04:49:00,20:00:00,05:33:00,19:16:00,06:16:00,18:33:00,12:24 28.3,148.396,1.6,6.2,8.8,0,1025,1026,1.4,15.0,NW,6.86
2012-03-06,06:50,17:58,11:07:42,+4:39,04:46:00,20:02:00,05:30:00,19:18:00,06:13:00,18:35:00,12:23 28.7,148.434,2.9,5.4,11.3,2.1,1018,1002,6.7,41.0,SSW,0.62
2012-03-07,06:48,18:00,11:12:22,+4:39,04:44:00,20:04:00,05:28:00,19:20:00,06:11:00,18:37:00,12:23 29.1,148.472,5.8,3.7,5.5,1.8 s,1001,1009,8.2,32.0,SSW,2.47
2012-03-08,06:45,18:02,11:17:02,+4:39,04:41:00,20:07:00,05:25:00,19:22:00,06:08:00,18:39:00,12:23 29.5,148.511,5.4,0.2,13,0.1,1018,1019,10.6,34.0,SSW,2.69
2012-03-09,06:42,18:04,11:21:41,+4:39,04:38:00,20:09:00,05:22:00,19:24:00,06:05:00,18:41:00,12:23 29.9,148.55,9.4,3.4,12.9,0,1015,1023,13.7,42.0,SSW,3.39
2012-03-10,06:40,18:06,11:26:21,+4:39,04:35:00,20:11:00,05:20:00,19:26:00,06:03:00,18:43:00,12:22 30.2,148.59,7.9,6,9.6,0,1027,1033,10.9,32.0,WSW,0.0
2012-03-11,06:37,18:08,11:31:02,+4:40,04:33:00,20:13:00,05:17:00,19:29:00,06:00:00,18:45:00,12:22 30.6,148.63,9.3,6.7,12,0,1033,1033,8.6,28.0,SSW,1.24
2012-03-12,06:35,18:10,11:35:42,+4:40,04:30:00,20:16:00,05:15:00,19:31:00,05:58:00,18:47:00,12:22 31.0,148.671,9,7.1,11,0,1033,1033,6.0,20.0,WSW,0.0
2012-03-13,06:32,18:12,11:40:22,+4:40,04:27:00,20:18:00,05:12:00,19:33:00,05:55:00,18:49:00,12:22 31.4,148.712,7.6,4,10.9,0,1033,1032,2.9,15.0,SW,0.0
2012-03-14,06:29,18:14,11:45:03,+4:40,04:24:00,20:21:00,05:09:00,19:35:00,05:53:00,18:51:00,12:21 31.8,148.754,7.8,0,11.2,0,1026,1022,4.5,22.0,SSW,1.96
2012-03-15,06:27,18:16,11:49:43,+4:40,04:21:00,20:23:00,05:06:00,19:37:00,05:50:00,18:54:00,12:21 32.2,148.795,6.6,4.7,12,0,1018,1015,5.2,27.0,SSW,0.31
2012-03-16,06:24,18:19,11:54:24,+4:40,04:18:00,20:25:00,05:04:00,19:39:00,05:47:00,18:56:00,12:21 32.6,148.837,6.4,0.2,12.4,TR,1005,1006,5.2,33.0,SSW,1.04
2012-03-17,06:22,18:21,11:59:05,+4:40,04:15:00,20:28:00,05:01:00,19:42:00,05:45:00,18:58:00,12:21 33.0,148.879,4.4,1,9.9,0.5,1006,1013,5.4,32.0,W,
2012-03-18,06:19,18:23,12:03:45,+4:40,04:12:00,20:30:00,04:58:00,19:44:00,05:42:00,19:00:00,12:20 33.4,148.922,2.4,4.2,9,0.2,1017,1021,3.8,21.0,WSW,
2012-03-19,06:16,18:25,12:08:26,+4:40,04:09:00,20:33:00,04:55:00,19:46:00,05:39:00,19:02:00,12:20 33.8,148.964,6.6,1.6,11.2,TR,1021,1018,11.5,39.0,SSW,
2012-03-20,06:14,18:27,12:13:07,+4:40,04:06:00,20:35:00,04:53:00,19:48:00,05:37:00,19:04:00,12:20 34.2,149.006,10.8,7,12.9,TR,1023,1025,12.7,36.0,SSW,
2012-03-21,06:11,18:29,12:17:47,+4:40,04:03:00,20:38:00,04:50:00,19:50:00,05:34:00,19:06:00,12:19 34.6,149.049,7.8,8.4,14.9,0,1028,1031,7.8,31.0,SSW,
2012-03-22,06:08,18:31,12:22:28,+4:40,04:00:00,20:40:00,04:47:00,19:53:00,05:31:00,19:08:00,12:19 35.0,149.091,7.7,3.4,17.7,0,1033,1031,0.5,9.0,NE,
2012-03-23,06:06,18:33,12:27:08,+4:40,03:56:00,20:43:00,04:44:00,19:55:00,05:29:00,19:10:00,12:19 35.4,149.133,5.5,5,15.9,0,1029,1027,2.5,19.0,ESE,
2012-03-24,06:03,18:35,12:31:48,+4:40,03:53:00,20:46:00,04:41:00,19:57:00,05:26:00,19:12:00,12:18 35.8,149.175,9.4,1.4,16.5,0,1029,1030,0.3,9.0,W,
2012-03-25,07:00,19:37,12:36:29,+4:40,04:50:00,21:48:00,05:38:00,21:00:00,06:23:00,20:14:00,13:18 36.2,149.217,10.6,0,20.9,0,1033,1034,2.7,21.0,SSW,
2012-03-26,06:58,19:39,12:41:09,+4:40,04:47:00,21:51:00,05:35:00,21:02:00,06:20:00,20:17:00,13:18 36.6,149.259,11.4,1.2,23.2,0,1037,1036,0.9,13.0,SSE,9.94
2012-03-27,06:55,19:41,12:45:49,+4:39,04:43:00,21:54:00,05:33:00,21:04:00,06:18:00,20:19:00,13:18 36.9,149.301,9.3,3.2,21.9,0,1037,1034,2.2,21.0,SSW,11.47
2012-03-28,06:53,19:43,12:50:28,+4:39,04:40:00,21:56:00,05:30:00,21:07:00,06:15:00,20:21:00,13:17 37.3,149.343,10.6,1.2,8.6,0,1033,1030,4.6,26.0,WSW,3.65
2012-03-29,06:50,19:45,12:55:08,+4:39,04:37:00,21:59:00,05:27:00,21:09:00,06:12:00,20:23:00,13:17 37.7,149.385,11.2,8.6,14.6,0,1029,1027,6.6,25.0,SSW,5.29
2012-03-30,06:47,19:47,12:59:47,+4:39,04:33:00,22:02:00,05:24:00,21:11:00,06:10:00,20:25:00,13:17 38.1,149.427,11.4,5.8,16.7,1.3,1025,,6.9,30.0,SW,10.89
2012-03-31,06:45,19:49,13:04:26,+4:39,04:30:00,22:05:00,05:21:00,21:14:00,06:07:00,20:27:00,13:16 38.5,149.469,3.7,3.9,10.1,0,1023,1024,4.7,20.0,N,7.58
2012-04-01,06:42,19:51,13:09:05,+4:38,04:26:00,22:08:00,05:18:00,21:16:00,06:04:00,20:29:00,13:16 38.9,149.511,4.1,2.8,10.7,1.8 s,1019,1015,5.5,25.0,W,0.0
2012-04-02,06:39,19:53,13:13:44,+4:38,04:23:00,22:11:00,05:15:00,21:18:00,06:01:00,20:31:00,13:16 39.3,149.553,3.5,1.8,6.9,16.0 s,1012,1005,4.4,14.0,N,0.0
2012-04-03,06:37,19:55,13:18:22,+4:38,04:19:00,22:14:00,05:12:00,21:21:00,05:59:00,20:34:00,13:15 39.6,149.595,1.2,1,3.8,8.2 s,1010,1018,3.3,30.0,NNE,3.64
2012-04-04,06:34,19:57,13:23:00,+4:38,04:16:00,22:17:00,05:09:00,21:23:00,05:56:00,20:36:00,13:15 40.0,149.638,1.2,5.1,5.3,1.2 s,,1025,2.4,16.0,N,1.9
2012-04-05,06:32,19:59,13:27:38,+4:37,04:12:00,22:20:00,05:06:00,21:26:00,05:53:00,20:38:00,13:15 40.4,149.68,1.1,5.2,7.1,2.2,1023,1019,3.5,18.0,SSW,0.01
2012-04-06,06:29,20:01,13:32:15,+4:37,04:08:00,22:23:00,05:03:00,21:28:00,05:50:00,20:40:00,13:15 40.8,149.723,6.4,2.1,9.1,5,1011,1013,2.4,14.0,SSW,0.0
2012-04-07,06:26,20:03,13:36:52,+4:37,04:05:00,22:26:00,05:00:00,21:31:00,05:48:00,20:42:00,13:14 41.2,149.766,6.1,2.1,9.8,0.7,1014,1012,2.6,15.0,SSW,0.0
2012-04-08,06:24,20:05,13:41:29,+4:36,04:01:00,22:30:00,04:57:00,21:33:00,05:45:00,20:45:00,13:14 41.5,149.809,7.7,4.9,12,0.8,1007,997,6.0,29.0,SSW,0.06
2012-04-09,06:21,20:07,13:46:05,+4:36,03:57:00,22:33:00,04:53:00,21:36:00,05:42:00,20:47:00,13:14 41.9,149.852,6.6,3.1,12.2,0.3,987,980,3.8,19.0,SSW,3.18
2012-04-10,06:19,20:09,13:50:41,+4:35,03:53:00,22:37:00,04:50:00,21:39:00,05:40:00,20:49:00,13:13 42.3,149.896,3.9,0.4,8.2,2.5,979,887,2.1,14.0,NE,0.01
2012-04-11,06:16,20:12,13:55:16,+4:35,03:49:00,22:40:00,04:47:00,21:41:00,05:37:00,20:51:00,13:13 42.6,149.939,6.6,2.8,10.5,3.8,994,1001,2.2,20.0,N,1.66
2012-04-12,06:14,20:14,13:59:51,+4:34,03:45:00,22:44:00,04:44:00,21:44:00,05:34:00,20:53:00,13:13 43.0,149.982,3.9,1.4,9,5.0 s,1005,1008,2.2,20.0,N,2.99
2012-04-13,06:11,20:16,14:04:26,+4:34,03:41:00,22:47:00,04:41:00,21:46:00,05:31:00,20:56:00,13:13 43.4,150.026,3.7,0.7,7.9,5.2 s,1008,1010,2.8,28.0,N,2.83
2012-04-14,06:09,20:18,14:08:59,+4:33,03:37:00,22:51:00,04:38:00,21:49:00,05:29:00,20:58:00,13:12 43.7,150.069,3.3,0.5,7,2.3 s,1015,1019,3.8,25.0,N,3.58
2012-04-15,06:06,20:20,14:13:32,+4:33,03:33:00,22:55:00,04:35:00,21:52:00,05:26:00,21:00:00,13:12 44.1,150.112,3.4,0.5,6.7,0.3,1024,1026,3.8,26.0,N,2.29
2012-04-16,06:04,20:22,14:18:05,+4:32,03:29:00,22:59:00,04:32:00,21:55:00,05:23:00,21:02:00,13:12 44.4,150.154,4.6,1.5,10.2,6.8,1024,1011,3.4,25.0,SSE,6.89
2012-04-17,06:01,20:24,14:22:37,+4:31,03:24:00,23:03:00,04:28:00,21:57:00,05:20:00,21:05:00,13:12 44.8,150.197,4.1,2.8,9.8,3.3,988,986,6.4,33.0,SE,0.71
2012-04-18,05:59,20:26,14:27:08,+4:31,03:20:00,23:07:00,04:25:00,22:00:00,05:18:00,21:07:00,13:12 45.1,150.239,4,2.6,10.2,3.1,987,990,1.5,20.0,ENE,4.09
2012-04-19,05:56,20:28,14:31:38,+4:30,03:15:00,23:11:00,04:22:00,22:03:00,05:15:00,21:09:00,13:11 45.5,150.281,4,0.8,8.7,3.5,993,993,2.6,17.0,N,0.21
2012-04-20,05:54,20:30,14:36:07,+4:29,03:11:00,23:16:00,04:19:00,22:06:00,05:12:00,21:11:00,13:11 45.8,150.322,7.3,4.3,10.5,13.7,991,993,1.8,20.0,N,0.44
2012-04-21,05:51,20:32,14:40:36,+4:28,03:06:00,23:20:00,04:15:00,22:09:00,05:10:00,21:14:00,13:11 46.2,150.363,6.2,4.3,8.2,5.8,995,999,2.1,19.0,N,0.01
2012-04-22,05:49,20:34,14:45:03,+4:27,03:01:00,23:25:00,04:12:00,22:12:00,05:07:00,21:16:00,13:11 46.5,150.403,6.6,3.8,9.5,2.1,1001,1002,1.7,17.0,N,0.2
2012-04-23,05:46,20:36,14:49:30,+4:26,02:56:00,23:30:00,04:09:00,22:14:00,05:04:00,21:18:00,13:11 46.8,150.443,6.4,2.9,9.8,10.2,1001,1000,2.4,18.0,N,1.47
2012-04-24,05:44,20:38,14:53:55,+4:25,02:50:00,23:35:00,04:06:00,22:17:00,05:02:00,21:21:00,13:10 47.2,150.483,5.4,3.2,7.5,26.7,998,996,5.8,27.0,NNE,0.0
2012-04-25,05:42,20:40,14:58:19,+4:24,02:45:00,23:40:00,04:02:00,22:20:00,04:59:00,21:23:00,13:10 47.5,150.522,3.8,4.4,6.1,8,997,1006,9.5,35.0,N,0.0
2012-04-26,05:39,20:42,15:02:42,+4:22,02:39:00,23:46:00,03:59:00,22:23:00,04:56:00,21:25:00,13:10 47.8,150.561,3.8,0.9,7.2,5.5,1012,1021,3.6,20.0,N,0.57
2012-04-27,05:37,20:44,15:07:04,+4:21,02:33:00,23:52:00,03:56:00,22:26:00,04:54:00,21:28:00,13:10 48.1,150.599,4.1,1.8,10.3,0,1027,1027,1.3,11.0,N,7.52
2012-04-28,05:35,20:46,15:11:24,+4:20,02:26:00,23:59:00,03:52:00,22:30:00,04:51:00,21:30:00,13:10 48.4,150.637,3.5,5.2,11.1,4.4,1023,1018,3.4,20.0,N,13.77
2012-04-29,05:32,20:48,15:15:43,+4:18,02:20:00,,03:49:00,22:33:00,04:49:00,21:32:00,13:10 48.7,150.675,,,,,,,,,,
2012-04-30,05:30,20:50,15:20:00,+4:17,,00:06:00,03:46:00,22:36:00,04:46:00,21:35:00,13:09 49.0,150.713,,,,,,,,,,
2012-05-01,05:28,20:52,15:24:16,+4:15,,00:15:00,03:42:00,22:39:00,04:43:00,21:37:00,13:09 49.4,150.75,9.1,2.4,17.9,0,1029,1027,2.1,14.0,ENE,10.53
2012-05-02,05:26,20:54,15:28:30,+4:13,,00:24:00,03:39:00,22:42:00,04:41:00,21:39:00,13:09 49.6,150.786,10.4,0.6,18.6,0,1028,1023,2.1,14.0,N,10.35
2012-05-03,05:23,20:56,15:32:42,+4:12,,00:37:00,03:35:00,22:46:00,04:38:00,21:42:00,13:09 49.9,150.823,10.5,2.9,17.6,4.5,1017,1012,3.0,18.0,N,9.61
2012-05-04,05:21,20:58,15:36:52,+4:10,,00:59:00,03:32:00,22:49:00,04:36:00,21:44:00,13:09 50.2,150.86,3.9,3,7,0.9 s,1013,1014,7.8,26.0,N,2.1
2012-05-05,05:19,21:00,15:41:00,+4:08,Rest of night,,03:28:00,22:52:00,04:33:00,21:46:00,13:09 50.5,150.896,4.5,0.4,8.5,2.6 s,1014,1014,3.7,26.0,N,4.29
2012-05-06,05:17,21:02,15:45:06,+4:06,Rest of night,,03:25:00,22:56:00,04:31:00,21:49:00,13:09 50.8,150.932,5,0.3,10.2,0,1015,1016,2.0,18.0,N,8.01
2012-05-07,05:15,21:04,15:49:10,+4:03,Rest of night,,03:21:00,22:59:00,04:28:00,21:51:00,13:09 51.1,150.968,3.6,3.6,10.9,1.5,1014,1008,2.9,19.0,N,1.46
2012-05-08,05:13,21:06,15:53:12,+4:01,Rest of night,,03:18:00,23:03:00,04:26:00,21:53:00,13:09 51.3,151.004,6.9,3.9,11,0.1,1001,1002,4.2,21.0,N,0.53
2012-05-09,05:11,21:08,15:57:11,+3:59,Rest of night,,03:14:00,23:06:00,04:23:00,21:56:00,13:09 51.6,151.039,6.9,0.5,13,2.5,1007,1011,2.7,15.0,N,0.95
2012-05-10,05:09,21:10,16:01:08,+3:56,Rest of night,,03:11:00,23:10:00,04:21:00,21:58:00,13:09 51.9,151.075,4.7,4.6,7.1,16.3,1008,1012,4.6,19.0,NE,0.0
2012-05-11,05:07,21:12,16:05:02,+3:54,Rest of night,,03:07:00,23:13:00,04:19:00,22:00:00,13:09 52.1,151.11,4.8,1.8,8.5,2.6,1017,1030,3.6,21.0,N,0.78
2012-05-12,05:05,21:14,16:08:54,+3:51,Rest of night,,03:03:00,23:17:00,04:16:00,22:03:00,13:09 52.4,151.144,7.6,0.3,13.8,TR,1035,1030,,28.0,SSW,6.77
2012-05-13,05:03,21:16,16:12:42,+3:48,Rest of night,,03:00:00,23:21:00,04:14:00,22:05:00,13:09 52.6,151.178,8.6,7.1,12.5,1.3,1013,1000,17.5,58.0,SSW,1.6
2012-05-14,05:01,21:17,16:16:28,+3:45,Rest of night,,02:56:00,23:25:00,04:12:00,22:07:00,13:09 52.9,151.212,7.7,4.1,11.5,4.4,1003,1008,7.0,32.0,SSW,0.82
2012-05-15,04:59,21:19,16:20:10,+3:42,Rest of night,,02:52:00,23:29:00,04:09:00,22:10:00,13:09 53.1,151.245,5.1,2.2,9.8,0.2,1016,1021,5.0,25.0,WNW,2.94
2012-05-16,04:57,21:21,16:23:49,+3:38,Rest of night,,02:48:00,23:33:00,04:07:00,22:12:00,13:09 53.3,151.278,4.1,1.7,8.3,6.2,1022,1022,3.2,23.0,N,2.06
2012-05-17,04:56,21:23,16:27:24,+3:35,Rest of night,,02:44:00,23:37:00,04:05:00,22:14:00,13:09 53.5,151.31,4.5,1.2,7.7,1.3,1016,1016,4.1,17.0,NE,0.0
2012-05-18,04:54,21:25,16:30:56,+3:31,Rest of night,,02:40:00,23:41:00,04:03:00,22:16:00,13:09 53.8,151.341,4.6,1.7,8.2,2.1,1016,1018,3.7,19.0,NE,0.15
2012-05-19,04:52,21:27,16:34:24,+3:27,Rest of night,,02:36:00,23:45:00,04:01:00,22:19:00,13:09 54.0,151.372,6.8,2.8,8.3,0,1017,1016,2.1,14.0,N,1.75
2012-05-20,04:51,21:28,16:37:48,+3:24,Rest of night,,02:32:00,23:49:00,03:58:00,22:21:00,13:09 54.2,151.402,8.1,2.2,17.7,0,1014,1012,1.4,14.0,N,10.1
2012-05-21,04:49,21:30,16:41:08,+3:19,Rest of night,,02:28:00,23:54:00,03:56:00,22:23:00,13:09 54.4,151.431,10.9,0.7,21.4,0,1012,1014,1.9,17.0,E,12.44
2012-05-22,04:47,21:32,16:44:24,+3:15,Rest of night,,02:24:00,23:58:00,03:54:00,22:25:00,13:09 54.6,151.459,13.5,3.2,23.6,0,1016,1021,4.3,22.0,SE,10.91
2012-05-23,04:46,21:33,16:47:35,+3:11,Rest of night,,02:19:00,,03:52:00,22:27:00,13:09 54.8,151.487,18.2,7.9,28.4,1.5,1024,1025,3.5,20.0,NNE,12.62
2012-05-24,04:44,21:35,16:50:42,+3:06,Rest of night,,,00:03:00,03:50:00,22:29:00,13:09 55.0,151.514,18.3,13,24.8,1.4,1029,1030,1.5,14.0,NW,4.09
2012-05-25,04:43,21:37,16:53:44,+3:01,Rest of night,,,00:08:00,03:49:00,22:32:00,13:09 55.1,151.541,19.8,11.6,28,0,1031,1029,3.7,21.0,ESE,10.81
2012-05-26,04:42,21:38,16:56:41,+2:57,Rest of night,,,00:14:00,03:47:00,22:34:00,13:09 55.3,151.566,17.8,8,27.3,0,1029,1025,2.0,16.0,E,15.85
2012-05-27,04:40,21:40,16:59:33,+2:51,Rest of night,,,00:19:00,03:45:00,22:36:00,13:09 55.5,151.591,17.6,5.1,29,0,1024,1020,1.5,18.0,NE,15.42
2012-05-28,04:39,21:41,17:02:19,+2:46,Rest of night,,,00:25:00,03:43:00,22:37:00,13:10 55.6,151.616,12.2,7.3,16.8,0.5,1019,1019,4.2,20.0,N,10.15
2012-05-29,04:38,21:43,17:05:01,+2:41,Rest of night,,,00:32:00,03:42:00,22:39:00,13:10 55.8,151.639,9.3,7.2,11.2,0,1017,1017,2.3,11.0,NNE,0.0
2012-05-30,04:37,21:44,17:07:36,+2:35,Rest of night,,,00:40:00,03:40:00,22:41:00,13:10 55.9,151.662,10,7.7,12.2,1.8,1017,1017,0.7,11.0,SSE,0.0
2012-05-31,04:35,21:46,17:10:06,+2:29,Rest of night,,,00:50:00,03:38:00,22:43:00,13:10 56.1,151.685,10.5,9.4,13,0.5,1015,1019,1.8,14.0,NE,2.13
2012-06-01,04:34,21:47,17:12:30,+2:24,,,Rest of night,,03:37:00,22:45:00,13:10 56.2,151.707,10.3,5.5,15.6,0.4,1021,1021,2.3,27.0,NNE,6.09
2012-06-02,04:33,21:48,17:14:48,+2:17,,,Rest of night,,03:35:00,22:47:00,13:10 56.3,151.729,7.2,2.8,13.7,1.1,1020,1017,2.9,16.0,N,6.8
2012-06-03,04:32,21:49,17:17:00,+2:11,,,Rest of night,,03:34:00,22:48:00,13:11 56.5,151.75,6.6,0.1,12.8,1.7,1015,1017,2.9,20.0,NE,6.95
2012-06-04,04:31,21:51,17:19:05,+2:05,,,Rest of night,,03:33:00,22:50:00,13:11 56.6,151.771,8.2,2.8,13.9,0.2,1018,1016,3.0,21.0,N,2.52
2012-06-05,04:31,21:52,17:21:04,+1:58,,,Rest of night,,03:32:00,22:51:00,13:11 56.7,151.792,8.3,0.2,15.6,0.3,1012,1005,2.8,21.0,ESE,5.17
2012-06-06,04:30,21:53,17:22:57,+1:52,,,Rest of night,,03:30:00,22:53:00,13:11 56.8,151.812,10.9,7.7,14.1,7.8,999,998,2.1,11.0,NNE,0.0
2012-06-07,04:29,21:54,17:24:42,+1:45,,,Rest of night,,03:29:00,22:54:00,13:11 56.9,151.832,13.7,7.8,19.5,0.4,998,996,3.0,21.0,NE,1.55
2012-06-08,04:29,21:55,17:26:20,+1:38,,,Rest of night,,03:28:00,22:55:00,13:11 57.0,151.851,13.5,9.9,17.1,0.3,993,999,5.2,25.0,NE,0.99
2012-06-09,04:28,21:56,17:27:52,+1:31,,,Rest of night,,03:27:00,22:57:00,13:12 57.0,151.87,11.1,9.9,13,TR,1004,1008,1.9,11.0,N,0.0
2012-06-10,04:27,21:57,17:29:16,+1:24,,,Rest of night,,03:27:00,22:58:00,13:12 57.1,151.888,10.1,7.8,12.4,TR,1009,1009,1.6,12.0,NE,0.0
2012-06-11,04:27,21:58,17:30:33,+1:16,,,Rest of night,,03:26:00,22:59:00,13:12 57.2,151.906,9.3,7,12,3.3,1009,1011,2.1,13.0,N,0.0
2012-06-12,04:27,21:58,17:31:42,+1:09,,,Rest of night,,03:25:00,23:00:00,13:12 57.3,151.922,9.4,5.6,13.2,4,1012,1015,2.8,17.0,N,1.14
2012-06-13,04:26,21:59,17:32:44,+1:01,,,Rest of night,,03:25:00,23:01:00,13:12 57.3,151.939,9.1,4.6,13.6,0.3,1017,1019,1.8,14.0,NE,2.38
2012-06-14,04:26,22:00,17:33:39,+0:54,,,Rest of night,,03:24:00,23:02:00,13:13 57.4,151.954,11.4,6.2,16.4,0,1019,1017,3.9,21.0,ESE,1.4
2012-06-15,04:26,22:00,17:34:25,+0:46,,,Rest of night,,03:24:00,23:02:00,13:13 57.4,151.969,7.7,6.5,9.5,0.8,1012,1006,3.8,18.0,NE,0.36
2012-06-16,04:26,22:01,17:35:04,+0:38,,,Rest of night,,03:23:00,23:03:00,13:13 57.4,151.982,7.8,6.5,10.9,2.4,1004,1005,3.2,15.0,NE,0.0
2012-06-17,04:26,22:01,17:35:35,+0:30,,,Rest of night,,03:23:00,23:04:00,13:13 57.5,151.995,9.1,6.4,11.1,2.9,1011,1016,0.8,11.0,N,0.0
2012-06-18,04:26,22:02,17:35:58,+0:23,,,Rest of night,,03:23:00,23:04:00,13:14 57.5,152.008,11.6,7,16.4,3.6,1015,1015,1.3,14.0,NNE,
2012-06-19,04:26,22:02,17:36:14,+0:15,,,Rest of night,,03:23:00,23:04:00,13:14 57.5,152.019,11.5,5.2,17.2,5.3,1014,1017,2.3,22.0,SSW,5.6
2012-06-20,04:26,22:02,17:36:21,+0:07,,,Rest of night,,03:23:00,23:05:00,13:14 57.5,152.029,12.1,5.2,18.1,0.2,1019,1013,2.1,17.0,ESE,4.58
2012-06-21,04:26,22:02,17:36:21,< 1s,,,Rest of night,,03:23:00,23:05:00,13:14 57.5,152.039,10.4,8.2,12.6,7,1013,1005,3.9,25.0,N,0.13
2012-06-22,04:26,22:02,17:36:12,−0:08,,,Rest of night,,03:24:00,23:05:00,13:14 57.5,152.047,14.4,10.3,18.2,3.6,998,1001,3.0,16.0,NE,0.77
2012-06-23,04:27,22:03,17:35:56,−0:16,,,Rest of night,,03:24:00,23:05:00,13:15 57.5,152.055,12.7,10.6,15.2,25.4,1004,1007,2.9,14.0,NW,0.0
2012-06-24,04:27,22:02,17:35:32,−0:24,,,Rest of night,,03:25:00,23:05:00,13:15 57.5,152.062,11.3,9.9,12.9,1.9,1011,1016,4.0,19.0,WNW,0.0
2012-06-25,04:27,22:02,17:35:00,−0:31,,,Rest of night,,03:25:00,23:05:00,13:15 57.4,152.068,11.6,9,17.2,0,1016,1019,2.2,13.0,NW,3.51
2012-06-26,04:28,22:02,17:34:21,−0:39,,,Rest of night,,03:26:00,23:04:00,13:15 57.4,152.073,12.9,4.3,21.3,4.6,1018,1015,1.8,17.0,SE,2.86
2012-06-27,04:29,22:02,17:33:33,−0:47,,,Rest of night,,03:27:00,23:04:00,13:15 57.3,152.078,14.8,11.2,17.8,2,1013,1010,0.7,14.0,SSW,0.0
2012-06-28,04:29,22:02,17:32:38,−0:54,,,Rest of night,,03:27:00,23:03:00,13:16 57.3,152.081,14.6,11.3,18.1,5.4,1004,993,2.4,23.0,ESE,0.0
2012-06-29,04:30,22:01,17:31:36,−1:02,,,Rest of night,,03:28:00,23:03:00,13:16 57.2,152.085,15.5,11.1,20.5,0.4,990,991,4.2,25.0,SSW,3.46
2012-06-30,04:31,22:01,17:30:26,−1:09,,,Rest of night,,03:29:00,23:02:00,13:16 57.2,152.087,15.3,10.3,20.2,2.3,996,1000,6.6,26.0,SSW,2.16
2012-07-01,04:31,22:01,17:29:09,−1:17,,,Rest of night,,03:30:00,23:01:00,13:16 57.1,152.089,10.4,9.9,12.7,1.4,1003,1009,2.0,13.0,N,0.0
2012-07-02,04:32,22:00,17:27:44,−1:24,,,Rest of night,,03:31:00,23:01:00,13:16 57.0,152.091,10.8,5.9,17.3,2.7,1010,1010,1.8,17.0,ESE,0.03
2012-07-03,04:33,21:59,17:26:13,−1:31,,,Rest of night,,03:33:00,23:00:00,13:17 57.0,152.092,16.8,12.2,21.5,0.2,1009,1008,4.3,20.0,ESE,1.75
2012-07-04,04:34,21:59,17:24:34,−1:38,,,Rest of night,,03:34:00,22:59:00,13:17 56.9,152.092,17.5,14.3,22.2,0,1007,1009,2.8,18.0,ESE,2.04
2012-07-05,04:35,21:58,17:22:49,−1:45,,,Rest of night,,03:35:00,22:57:00,13:17 56.8,152.092,17.5,9.6,17.8,TR,1012,1014,2.4,21.0,ESE,5.79
2012-07-06,04:36,21:57,17:20:56,−1:52,,,Rest of night,,03:37:00,22:56:00,13:17 56.7,152.092,17.4,9.6,22.9,1,1015,1015,4.2,23.0,NE,
2012-07-07,04:37,21:56,17:18:58,−1:58,,,Rest of night,,03:38:00,22:55:00,13:17 56.6,152.091,10.8,10.8,11.2,26,1015,1014,4.5,20.0,NNW,
2012-07-08,04:39,21:55,17:16:52,−2:05,,,Rest of night,,03:40:00,22:54:00,13:17 56.4,152.089,11.4,9.5,13.1,0.9,1010,1011,2.5,14.0,NNW,
2012-07-09,04:40,21:54,17:14:41,−2:11,,,Rest of night,,03:41:00,22:52:00,13:18 56.3,152.087,11.3,9.3,13.4,2.4,1013,1012,2.8,14.0,NNW,
2012-07-10,04:41,21:53,17:12:23,−2:17,,,Rest of night,,03:43:00,22:51:00,13:18 56.2,152.084,11.3,9.5,13.5,11.9,1010,1009,1.3,1.0,NE,
2012-07-11,04:42,21:52,17:09:59,−2:23,,,Rest of night,,03:45:00,22:49:00,13:18 56.1,152.081,11.1,8.2,13.5,0.9,1009,1010,2.0,13.0,NNE,0.0
2012-07-12,04:44,21:51,17:07:30,−2:29,Rest of night,,,00:58:00,03:47:00,22:48:00,13:18 55.9,152.077,10.9,8,13.7,0.8,1010,1008,2.3,14.0,NNW,0.0
2012-07-13,04:45,21:50,17:04:55,−2:35,Rest of night,,,00:48:00,03:48:00,22:46:00,13:18 55.8,152.072,10.2,8.3,11.9,0.3,1005,1005,1.0,12.0,NNE,0.0
2012-07-14,04:47,21:49,17:02:14,−2:40,Rest of night,,,00:41:00,03:50:00,22:45:00,13:18 55.6,152.066,11.4,7.5,15.1,0.4,1006,1006,3.2,16.0,N,1.53
2012-07-15,04:48,21:48,16:59:28,−2:45,Rest of night,,,00:34:00,03:52:00,22:43:00,13:18 55.5,152.059,11.8,7.5,14.8,10.1,1005,1010,5.3,23.0,SSW,0.65
2012-07-16,04:50,21:46,16:56:37,−2:51,Rest of night,,,00:28:00,03:54:00,22:41:00,13:18 55.3,152.052,13.4,9.2,18.4,0,1011,1014,4.1,18.0,SSW,0.82
2012-07-17,04:51,21:45,16:53:41,−2:56,Rest of night,,,00:23:00,03:56:00,22:39:00,13:18 55.1,152.043,12.8,6.5,18,9.7,1016,1013,2.3,16.0,SSW,1.59
2012-07-18,04:53,21:43,16:50:40,−3:00,Rest of night,,,00:18:00,03:58:00,22:37:00,13:19 55.0,152.034,10.6,11,12.6,10.8,1005,1007,2.7,,NE,0.0
2012-07-19,04:54,21:42,16:47:35,−3:05,Rest of night,,,00:13:00,04:00:00,22:35:00,13:19 54.8,152.024,11,8.2,13.6,0.3,1011,1014,3.1,28.0,N,1.25
2012-07-20,04:56,21:40,16:44:25,−3:09,Rest of night,,,00:09:00,04:02:00,22:33:00,13:19 54.6,152.013,11.5,8.1,16.2,0,1017,1019,0.8,9.0,WSW,0.0
2012-07-21,04:58,21:39,16:41:10,−3:14,Rest of night,,,00:04:00,04:05:00,22:31:00,13:19 54.4,152.001,12.1,5.3,16.3,1.5,1021,1020,3.2,19.0,SSW,2.15
2012-07-22,04:59,21:37,16:37:52,−3:18,Rest of night,,,00:00:00,04:07:00,22:29:00,13:19 54.2,151.988,15.8,10.6,21.1,0,1011,1009,8.9,37.0,SSW,0.11
2012-07-23,05:01,21:35,16:34:30,−3:22,Rest of night,,02:42:00,23:51:00,04:09:00,22:27:00,13:19 54.0,151.975,14.6,14.2,18.9,0.3,1011,1013,7.1,30.0,SSW,0.53
2012-07-24,05:03,21:34,16:31:03,−3:26,Rest of night,,02:47:00,23:47:00,04:11:00,22:25:00,13:19 53.8,151.96,15.3,9.4,20.8,0,1014,1017,4.2,24.0,SSW,13.76
2012-07-25,05:04,21:32,16:27:34,−3:29,Rest of night,,02:51:00,23:43:00,04:13:00,22:23:00,13:19 53.6,151.945,14.5,8.9,19.4,0,1020,1022,1.5,11.0,NE,
2012-07-26,05:06,21:30,16:24:00,−3:33,Rest of night,,02:55:00,23:40:00,04:15:00,22:21:00,13:19 53.3,151.929,13.8,7,20.1,0,1019,1014,2.8,18.0,SE,
2012-07-27,05:08,21:28,16:20:24,−3:36,Rest of night,,02:59:00,23:36:00,04:18:00,22:18:00,13:19 53.1,151.912,12.3,6.2,18.2,0.3,1007,1005,7.7,33.0,S,8.78
2012-07-28,05:10,21:27,16:16:44,−3:39,Rest of night,,03:02:00,23:32:00,04:20:00,22:16:00,13:19 52.9,151.895,11.1,5.9,16.1,7.9,1003,1002,2.0,12.0,SSW,1.78
2012-07-29,05:12,21:25,16:13:01,−3:43,Rest of night,,03:06:00,23:28:00,04:22:00,22:14:00,13:19 52.6,151.878,11.8,8.5,15.4,2,1002,1007,2.8,25.0,SSW,1.23
2012-07-30,05:13,21:23,16:09:15,−3:45,Rest of night,,03:10:00,23:24:00,04:24:00,22:11:00,13:19 52.4,151.859,10.9,7.3,15.3,3.3,1002,1001,1.3,14.0,SSW,8.68
2012-07-31,05:15,21:21,16:05:26,−3:48,Rest of night,,03:14:00,23:21:00,04:27:00,22:09:00,13:19 52.1,151.841,12,3.8,19.9,3.3,1002,1001,2.7,21.0,ESE,
2012-08-01,05:17,21:19,16:01:34,−3:51,Rest of night,,03:17:00,23:17:00,04:29:00,22:07:00,13:19 51.9,151.821,12,3.8,19.9,3.3,1002,1001,2.7,21.0,ESE,0.0
2012-08-02,05:19,21:17,15:57:40,−3:54,Rest of night,,03:21:00,23:13:00,04:31:00,22:04:00,13:19 51.6,151.802,13.1,12.2,17.8,0.8,1005,1007,0.9,9.0,SSW,0.28
2012-08-03,05:21,21:15,15:53:44,−3:56,Rest of night,,03:24:00,23:10:00,04:33:00,22:02:00,13:18 51.4,151.782,15.5,7.6,21.4,TR,1008,1009,0.9,18.0,N,5.54
2012-08-04,05:23,21:13,15:49:45,−3:58,Rest of night,,03:28:00,23:06:00,04:36:00,21:59:00,13:18 51.1,151.761,14.4,8.1,20.5,TR,1009,1008,2.2,14.0,NE,11.66
2012-08-05,05:25,21:10,15:45:44,−4:01,Rest of night,,03:31:00,23:03:00,04:38:00,21:57:00,13:18 50.8,151.74,16.1,11.7,20.1,0,1007,1006,2.5,16.0,N,
2012-08-06,05:27,21:08,15:41:41,−4:03,Rest of night,,03:34:00,22:59:00,04:40:00,21:54:00,13:18 50.6,151.719,14.9,11.5,18.2,3,1007,1010,0.7,8.0,NE,
2012-08-07,05:29,21:06,15:37:35,−4:05,Rest of night,,03:37:00,22:56:00,04:42:00,21:52:00,13:18 50.3,151.697,13.2,11.5,17.2,0.1,1014,1020,1.2,14.0,NE,0.21
2012-08-08,05:30,21:04,15:33:28,−4:07,Rest of night,,03:41:00,22:52:00,04:45:00,21:49:00,13:18 50.0,151.675,12.8,8.1,18.5,0,1023,1024,0.9,13.0,N,1.77
2012-08-09,05:32,21:02,15:29:19,−4:09,,00:49:00,03:44:00,22:49:00,04:47:00,21:47:00,13:18 49.7,151.652,14.6,6.5,19.7,0,1026,1028,1.1,12.0,N,44.08
2012-08-10,05:34,20:59,15:25:08,−4:10,,00:36:00,03:47:00,22:45:00,04:49:00,21:44:00,13:18 49.4,151.628,13.6,4.6,21.4,0,1028,1027,1.0,13.0,N,
2012-08-11,05:36,20:57,15:20:56,−4:12,,00:25:00,03:50:00,22:42:00,04:52:00,21:41:00,13:17 49.1,151.604,14.6,7.5,22.5,0,1023,1018,3.0,20.0,ESE,
2012-08-12,05:38,20:55,15:16:42,−4:14,,00:17:00,03:53:00,22:39:00,04:54:00,21:39:00,13:17 48.8,151.58,11.8,4.2,19.5,0,1015,1012,6.0,28.0,ESE,
2012-08-13,05:40,20:53,15:12:26,−4:15,,00:09:00,03:56:00,22:35:00,04:56:00,21:36:00,13:17 48.5,151.554,18,14.9,21.3,0,1008,1008,6.7,30.0,ESE,
2012-08-14,05:42,20:50,15:08:10,−4:16,,00:02:00,03:59:00,22:32:00,04:58:00,21:34:00,13:17 48.2,151.528,14.8,15.4,22.5,5.5,1008,1012,2.9,20.0,ESE,
2012-08-15,05:44,20:48,15:03:51,−4:18,02:39:00,23:49:00,04:02:00,22:29:00,05:01:00,21:31:00,13:17 47.9,151.501,14.5,7.7,21.4,3.1,1009,1002,5.0,28.0,ESE,
2012-08-16,05:46,20:46,14:59:32,−4:19,02:45:00,23:43:00,04:05:00,22:25:00,05:03:00,21:28:00,13:16 47.6,151.474,15.8,12.2,21.7,3.2,1007,1011,3.6,28.0,ESE,
2012-08-17,05:48,20:43,14:55:11,−4:20,02:50:00,23:38:00,04:08:00,22:22:00,05:05:00,21:26:00,13:16 47.3,151.445,15.3,12.8,21.7,4.1,1004,1006,1.4,14.0,S,
2012-08-18,05:50,20:41,14:50:50,−4:21,02:55:00,23:32:00,04:11:00,22:19:00,05:07:00,21:23:00,13:16 46.9,151.416,15.2,6.5,23.4,0,1006,1015,4.0,26.0,S,5.47
2012-08-19,05:52,20:38,14:46:27,−4:22,03:00:00,23:27:00,04:14:00,22:15:00,05:10:00,21:20:00,13:16 46.6,151.386,15.9,9.1,24.5,1.5,1014,1015,0.8,15.0,S,7.82
2012-08-20,05:54,20:36,14:42:03,−4:23,03:05:00,23:22:00,04:17:00,22:12:00,05:12:00,21:18:00,13:16 46.3,151.356,13.8,5.9,21.3,0,1013,1015,2.9,23.0,SSW,4.46
2012-08-21,05:56,20:33,14:37:39,−4:24,03:09:00,23:17:00,04:20:00,22:09:00,05:14:00,21:15:00,13:15 45.9,151.325,14.2,7.2,20.1,1.1,1011,1006,0.9,14.0,SE,1.59
2012-08-22,05:58,20:31,14:33:13,−4:25,03:14:00,23:13:00,04:22:00,22:06:00,05:16:00,21:12:00,13:15 45.6,151.293,14.3,8.7,18,0.3,1006,1008,5.1,20.0,SSW,0.66
2012-08-23,06:00,20:29,14:28:47,−4:26,03:18:00,23:08:00,04:25:00,22:02:00,05:18:00,21:09:00,13:15 45.3,151.26,13.8,9.2,17.9,2.7,1008,1004,2.8,21.0,SSW,4.59
2012-08-24,06:02,20:26,14:24:20,−4:27,03:22:00,23:04:00,04:28:00,21:59:00,05:21:00,21:07:00,13:15 44.9,151.227,13.2,9.4,16.2,15.9,1003,1002,0.8,12.0,ESE,0.0
2012-08-25,06:04,20:24,14:19:52,−4:27,03:26:00,22:59:00,04:30:00,21:56:00,05:23:00,21:04:00,13:14 44.6,151.194,11.4,10.9,15.1,4.1,1005,1011,2.0,14.0,N,0.0
2012-08-26,06:06,20:21,14:15:24,−4:28,03:30:00,22:55:00,04:33:00,21:53:00,05:25:00,21:01:00,13:14 44.2,151.16,12.5,7.3,16.7,0.2,1015,1013,2.0,22.0,N,5.55
2012-08-27,06:08,20:18,14:10:55,−4:29,03:33:00,22:51:00,04:36:00,21:50:00,05:27:00,20:59:00,13:14 43.9,151.125,12.7,9.3,16.1,2.1,1000,997,6.6,33.0,SE,0.0
2012-08-28,06:09,20:16,14:06:25,−4:29,03:37:00,22:47:00,04:38:00,21:46:00,05:29:00,20:56:00,13:13 43.5,151.091,12.1,9.4,17.2,TR,1001,1005,7.5,38.0,SSW,9.74
2012-08-29,06:11,20:13,14:01:55,−4:30,03:41:00,22:42:00,04:41:00,21:43:00,05:31:00,20:53:00,13:13 43.2,151.056,11.2,6.5,15.3,3.9,1002,1009,3.1,23.0,N,0.0
2012-08-30,06:13,20:11,13:57:24,−4:30,03:44:00,22:38:00,04:43:00,21:40:00,05:34:00,20:50:00,13:13 42.8,151.021,6.9,5.4,14.7,0,1022,1028,3.0,21.0,N,7.67
2012-08-31,06:15,20:08,13:52:53,−4:31,03:48:00,22:34:00,04:46:00,21:37:00,05:36:00,20:48:00,13:12 42.5,150.985,5.9,2.5,15.4,1.8,1025,1019,4.1,21.0,SSW,1.17
2012-09-01,06:17,20:06,13:48:22,−4:31,03:51:00,22:31:00,04:48:00,21:34:00,05:38:00,20:45:00,13:12 42.1,150.95,14.7,5.9,17.3,0.1,1013,1014,8.3,34.0,SSW,1.88
2012-09-02,06:19,20:03,13:43:50,−4:32,03:54:00,22:27:00,04:51:00,21:31:00,05:40:00,20:42:00,13:12 41.7,150.914,15.2,11.4,18.7,TR,1019,1020,7.3,26.0,SSW,0.81
2012-09-03,06:21,20:00,13:39:17,−4:32,03:57:00,22:23:00,04:53:00,21:28:00,05:42:00,20:39:00,13:11 41.4,150.878,16.5,13.2,20.9,0.1,1017,1013,7.8,32.0,SSW,0.19
2012-09-04,06:23,19:58,13:34:44,−4:32,04:01:00,22:19:00,04:56:00,21:25:00,05:44:00,20:37:00,13:11 41.0,150.842,13,10.1,16.3,0,1016,1022,9.3,37.0,SW,6.82
2012-09-05,06:25,19:55,13:30:11,−4:33,04:04:00,22:15:00,04:58:00,21:21:00,05:46:00,20:34:00,13:11 40.6,150.806,12.7,9.4,16.2,0,1026,1025,3.6,23.0,SSW,2.5
2012-09-06,06:27,19:53,13:25:38,−4:33,04:07:00,22:12:00,05:01:00,21:18:00,05:48:00,20:31:00,13:10 40.2,150.769,13.3,8.8,16.9,0,1013,1016,6.9,37.0,SSW,0.0
2012-09-07,06:29,19:50,13:21:04,−4:33,04:10:00,22:08:00,05:03:00,21:15:00,05:50:00,20:28:00,13:10 39.9,150.732,16.5,11.8,20.5,0,1018,1017,4.8,20.0,SSW,6.83
2012-09-08,06:31,19:47,13:16:30,−4:34,04:13:00,22:05:00,05:05:00,21:12:00,05:53:00,20:26:00,13:10 39.5,150.695,15.3,13.9,21.9,0,1014,1009,5.7,25.0,SSW,24.5
2012-09-09,06:33,19:45,13:11:55,−4:34,04:16:00,22:01:00,05:08:00,21:09:00,05:55:00,20:23:00,13:09 39.1,150.657,11.8,5.1,17.9,0.4,1000,996,2.9,22.0,S,
2012-09-10,06:35,19:42,13:07:20,−4:34,04:18:00,21:57:00,05:10:00,21:06:00,05:57:00,20:20:00,13:09 38.7,150.619,8.3,10.5,12.2,1,1001,1001,2.1,17.0,SSW,
2012-09-11,06:37,19:39,13:02:46,−4:34,04:21:00,21:54:00,05:12:00,21:03:00,05:59:00,20:17:00,13:09 38.4,150.581,7.6,2.8,11.8,1,1003,1005,6.3,30.0,SSW,
2012-09-12,06:39,19:37,12:58:10,−4:35,04:24:00,21:51:00,05:15:00,21:00:00,06:01:00,20:15:00,13:08 38.0,150.542,8.7,4.4,13.1,2.5,1009,1015,3.9,20.0,N,
2012-09-13,06:41,19:34,12:53:35,−4:35,04:27:00,21:47:00,05:17:00,20:57:00,06:03:00,20:12:00,13:08 37.6,150.503,10.4,3.9,14.6,1.8,1004,993,11.1,41.0,SSW,
2012-09-14,06:43,19:32,12:49:00,−4:35,04:29:00,21:44:00,05:19:00,20:54:00,06:05:00,20:09:00,13:08 37.2,150.463,11.6,8.5,15,TR,1001,1009,8.6,30.0,N,
2012-09-15,06:44,19:29,12:44:24,−4:35,04:32:00,21:40:00,05:21:00,20:52:00,06:07:00,20:06:00,13:07 36.8,150.423,14.1,9.6,17.5,0,1007,1002,9.0,32.0,SSW,
2012-09-16,06:46,19:26,12:39:48,−4:35,04:35:00,21:37:00,05:24:00,20:49:00,06:09:00,20:04:00,13:07 36.4,150.383,10.8,9.7,15.5,0.4,999,1001,5.3,32.0,SSW,2.55
2012-09-17,06:48,19:24,12:35:12,−4:35,04:37:00,21:34:00,05:26:00,20:46:00,06:11:00,20:01:00,13:07 36.1,150.342,9.3,4.7,14.2,5.1,999,1000,4.8,28.0,SSW,3.32
2012-09-18,06:50,19:21,12:30:36,−4:36,04:40:00,21:31:00,05:28:00,20:43:00,06:13:00,19:58:00,13:06 35.7,150.3,7.6,4,11.3,3.6,1008,1014,3.1,24.0,SW,3.78
2012-09-19,06:52,19:18,12:26:00,−4:36,04:42:00,21:27:00,05:30:00,20:40:00,06:15:00,19:55:00,13:06 35.3,150.258,7.4,2.6,12.1,2.5,1016,1015,2.3,22.0,SSW,3.1
2012-09-20,06:54,19:16,12:21:24,−4:36,04:45:00,21:24:00,05:32:00,20:37:00,06:17:00,19:53:00,13:06 34.9,150.216,7,2.1,12.5,0.8,1015,1018,0.5,9.0,ENE,0.95
2012-09-21,06:56,19:13,12:16:48,−4:36,04:47:00,21:21:00,05:35:00,20:34:00,06:19:00,19:50:00,13:05 34.5,150.174,5.7,0.4,10.4,1.2,1019,1021,1.0,16.0,N,1.71
2012-09-22,06:58,19:10,12:12:11,−4:36,04:50:00,21:18:00,05:37:00,20:31:00,06:21:00,19:47:00,13:05 34.1,150.131,5.9,2.9,13.2,0,1020,1018,0.8,17.0,NE,6.93
2012-09-23,07:00,19:08,12:07:35,−4:36,04:52:00,21:15:00,05:39:00,20:29:00,06:23:00,19:45:00,13:04 33.7,150.088,5.1,3.4,13.2,0.1,1012,1008,3.3,20.0,ESE,5.2
2012-09-24,07:02,19:05,12:02:59,−4:36,04:55:00,21:12:00,05:41:00,20:26:00,06:25:00,19:42:00,13:04 33.3,150.045,8.2,8.9,11.8,11.6,1000,995,6.0,31.0,NE,16.91
2012-09-25,07:04,19:02,11:58:22,−4:36,04:57:00,21:09:00,05:43:00,20:23:00,06:27:00,19:39:00,13:04 33.0,150.002,9,7.4,10.8,19.7,990,997,8.1,35.0,N,
2012-09-26,07:06,19:00,11:53:46,−4:36,04:59:00,21:06:00,05:45:00,20:20:00,06:29:00,19:37:00,13:03 32.6,149.959,9.6,7.4,12.9,3.2,1001,1004,2.2,14.0,N,
2012-09-27,07:08,18:57,11:49:10,−4:36,05:02:00,21:03:00,05:47:00,20:17:00,06:31:00,19:34:00,13:03 32.2,149.915,8.3,9.5,10.9,1,1004,999,3.9,21.0,SSW,
2012-09-28,07:10,18:54,11:44:34,−4:36,05:04:00,21:00:00,05:49:00,20:15:00,06:33:00,19:31:00,13:03 31.8,149.872,9.4,9.9,12.6,0.7,998,1000,8.4,33.0,SSW,
2012-09-29,07:12,18:52,11:39:58,−4:36,05:06:00,20:57:00,05:51:00,20:12:00,06:35:00,19:29:00,13:02 31.4,149.829,9.6,5.9,12.6,1.4,1008,1006,5.9,24.0,SSW,
2012-09-30,07:14,18:49,11:35:22,−4:36,05:08:00,20:54:00,05:53:00,20:09:00,06:37:00,19:26:00,13:02 31.0,149.787,12.8,5.4,16.4,1,999,999,8.0,32.0,SSW,
2012-10-01,07:16,18:47,11:30:46,−4:36,05:11:00,20:51:00,05:56:00,20:07:00,06:39:00,19:23:00,13:02 30.6,149.744,9.6,5.1,13.8,0.1,998,997,1.5,23.0,SSW,1.61
2012-10-02,07:18,18:44,11:26:10,−4:35,05:13:00,20:48:00,05:58:00,20:04:00,06:41:00,19:21:00,13:01 30.2,149.701,7.2,1.7,12.3,1.8,995,991,1.5,21.0,NE,0.95
2012-10-03,07:20,18:41,11:21:34,−4:35,05:15:00,20:46:00,06:00:00,20:01:00,06:43:00,19:18:00,13:01 29.9,149.659,7.1,0.4,10.4,0,994,999,1.7,19.0,SSW,0.82
2012-10-04,07:22,18:39,11:16:58,−4:35,05:17:00,20:43:00,06:02:00,19:59:00,06:45:00,19:16:00,13:01 29.5,149.616,5.1,1.6,10.9,0.1,1002,999,2.0,18.0,SSW,1.35
2012-10-05,07:24,18:36,11:12:23,−4:35,05:19:00,20:40:00,06:04:00,19:56:00,06:47:00,19:13:00,13:01 29.1,149.574,6.8,3,12.9,2.7,1001,1005,1.5,15.0,S,16.7
2012-10-06,07:26,18:34,11:07:47,−4:35,05:22:00,20:37:00,06:06:00,19:54:00,06:49:00,19:11:00,13:00 28.7,149.532,6.5,1.7,12.9,0.7,1012,1018,3.3,21.0,SSW,
2012-10-07,07:28,18:31,11:03:12,−4:35,05:24:00,20:35:00,06:08:00,19:51:00,06:51:00,19:08:00,13:00 28.3,149.49,6,2.6,13.4,0.3,1021,1019,1.5,16.0,SSW,
2012-10-08,07:30,18:28,10:58:37,−4:35,05:26:00,20:32:00,06:10:00,19:48:00,06:53:00,19:06:00,13:00 27.9,149.448,3.4,3.9,11.2,TR,1016,1019,1.8,19.0,SE,
2012-10-09,07:32,18:26,10:54:02,−4:34,05:28:00,20:29:00,06:12:00,19:46:00,06:55:00,19:03:00,12:59 27.6,149.406,4.2,5.4,11.2,0,1018,1017,0.7,13.0,WNW,
2012-10-10,07:34,18:23,10:49:27,−4:34,05:30:00,20:27:00,06:14:00,19:43:00,06:57:00,19:01:00,12:59 27.2,149.364,5.6,0.6,12.6,0,1013,1007,0.1,5.0,SW,8.54
2012-10-11,07:36,18:21,10:44:53,−4:34,05:32:00,20:24:00,06:16:00,19:41:00,06:59:00,18:58:00,12:59 26.8,149.322,7.2,2.3,15.7,5.1,1003,1004,4.5,23.0,ESE,0.66
2012-10-12,07:38,18:18,10:40:19,−4:33,05:34:00,20:22:00,06:18:00,19:38:00,07:01:00,18:56:00,12:59 26.4,149.28,8.6,9,14.6,18.8,997,997,2.3,20.0,ENE,0.0
2012-10-13,07:40,18:16,10:35:46,−4:33,05:36:00,20:19:00,06:20:00,19:36:00,07:03:00,18:53:00,12:58 26.1,149.237,8.1,6.2,10.2,1,1001,1002,0.9,13.0,NNE,0.24
2012-10-14,07:42,18:13,10:31:12,−4:33,05:38:00,20:17:00,06:22:00,19:34:00,07:05:00,18:51:00,12:58 25.7,149.195,6,4.6,10.5,4.6,1006,1002,2.1,17.0,N,1.1
2012-10-15,07:44,18:11,10:26:40,−4:32,05:40:00,20:14:00,06:24:00,19:31:00,07:07:00,18:48:00,12:58 25.3,149.153,2.7,0.9,7.6,5.2,997,996,0.9,11.0,SE,1.2
2012-10-16,07:46,18:08,10:22:07,−4:32,05:42:00,20:12:00,06:25:00,19:29:00,07:08:00,18:46:00,12:58 24.9,149.11,0.5,2.6,4.6,0,995,1000,0.2,8.0,SE,0.45
2012-10-17,07:48,18:06,10:17:35,−4:31,05:44:00,20:10:00,06:27:00,19:26:00,07:10:00,18:44:00,12:58 24.6,149.068,0.4,4.1,6,5.1,996,998,1.2,11.0,NE,0.0
2012-10-18,07:50,18:03,10:13:04,−4:31,05:46:00,20:07:00,06:29:00,19:24:00,07:12:00,18:41:00,12:57 24.2,149.025,6.2,3.1,8.4,5.9,1001,1007,0.6,10.0,N,0.0
2012-10-19,07:52,18:01,10:08:34,−4:30,05:48:00,20:05:00,06:31:00,19:22:00,07:14:00,18:39:00,12:57 23.9,148.982,5.8,4.4,7.8,2.6,1010,1008,1.1,14.0,N,0.0
2012-10-20,07:54,17:59,10:04:04,−4:29,05:50:00,20:03:00,06:33:00,19:20:00,07:16:00,18:37:00,12:57 23.5,148.94,5.6,3.5,9.7,0,1012,1017,0.6,11.0,SSW,0.34
2012-10-21,07:57,17:56,09:59:34,−4:29,05:52:00,20:00:00,06:35:00,19:17:00,07:18:00,18:34:00,12:57 23.1,148.897,5.7,0.1,13.6,0,1021,1025,0.9,13.0,SE,7.92
2012-10-22,07:59,17:54,09:55:06,−4:28,05:54:00,19:58:00,06:37:00,19:15:00,07:20:00,18:32:00,12:57 22.8,148.855,4.1,1.5,10.4,TR,1028,1030,0.1,6.0,SSW,9.27
2012-10-23,08:01,17:51,09:50:38,−4:27,05:56:00,19:56:00,06:39:00,19:13:00,07:22:00,18:30:00,12:57 22.4,148.812,5.1,1,11.5,0.1,1031,1031,0.1,3.0,SSW,
2012-10-24,08:03,17:49,09:46:11,−4:26,05:58:00,19:54:00,06:41:00,19:11:00,07:24:00,18:28:00,12:56 22.1,148.771,3.1,1,7.5,0.9,1029,1025,0.1,5.0,NE,
2012-10-25,08:05,17:47,09:41:45,−4:25,06:00:00,19:52:00,06:43:00,19:09:00,07:26:00,18:25:00,12:56 21.8,148.729,3.3,0.2,7.2,0.3 s,1025,1026,2.2,22.0,N,
2012-10-26,08:07,17:44,09:37:20,−4:24,06:02:00,19:49:00,06:45:00,19:07:00,07:28:00,18:23:00,12:56 21.4,148.688,0.7,1,3.6,3.1 s,1021,1023,3.6,25.0,N,2.07
2012-10-27,08:09,17:42,09:32:57,−4:23,06:04:00,19:47:00,06:47:00,19:05:00,07:30:00,18:21:00,12:56 21.1,148.647,2,1.7,6.7,5,1021,1009,4.2,18.0,SSW,1.39
2012-10-28,07:11,16:40,09:28:34,−4:22,05:06:00,18:45:00,05:49:00,18:03:00,06:32:00,17:19:00,11:56 20.7,148.607,6.4,1,8.6,2.6,999,1005,3.0,17.0,N,0.0
2012-10-29,07:13,16:38,09:24:12,−4:21,05:07:00,18:43:00,05:50:00,18:01:00,06:34:00,17:17:00,11:56 20.4,148.567,2.5,3.1,4.1,0.8,1008,1002,2.2,12.0,N,0.94
2012-10-30,07:16,16:35,09:19:52,−4:20,05:09:00,18:41:00,05:52:00,17:59:00,06:36:00,17:15:00,11:56 20.1,148.528,3.8,0.1,6.9,1.2,990,997,4.0,30.0,S,0.05
2012-10-31,07:18,16:33,09:15:33,−4:18,05:11:00,18:40:00,05:54:00,17:57:00,06:38:00,17:13:00,11:56 19.8,148.489,2.8,2.3,4.8,0.5,974,975,1.2,19.0,SSE,0.64
2012-11-01,07:20,16:31,09:11:16,−4:17,05:13:00,18:38:00,05:56:00,17:55:00,06:40:00,17:11:00,11:56 19.5,148.451,0.2,3.1,2.8,0,973,971,0.7,17.0,NW,0.0
2012-11-02,07:22,16:29,09:07:00,−4:15,05:15:00,18:36:00,05:58:00,17:53:00,06:42:00,17:09:00,11:56 19.1,148.413,2.3,3.5,6.1,0,974,985,3.6,19.0,SSE,1.9
2012-11-03,07:24,16:27,09:02:46,−4:14,05:17:00,18:34:00,06:00:00,17:51:00,06:44:00,17:07:00,11:56 18.8,148.375,0.8,4.6,6.2,0,988,990,2.1,19.0,E,2.91
2012-11-04,07:26,16:25,08:58:33,−4:12,05:18:00,18:32:00,06:02:00,17:49:00,06:46:00,17:05:00,11:56 18.5,148.339,2.1,3.1,6.6,0,994,1003,0.3,11.0,SE,3.14
2012-11-05,07:28,16:23,08:54:23,−4:10,05:20:00,18:31:00,06:03:00,17:47:00,06:48:00,17:03:00,11:56 18.2,148.302,1.3,2.8,7.8,2.8,1008,1014,1.0,12.0,SE,0.56
2012-11-06,07:30,16:21,08:50:14,−4:08,05:22:00,18:29:00,06:05:00,17:46:00,06:50:00,17:01:00,11:56 17.9,148.266,6.3,2,10.4,0.3,1010,1014,7.1,24.0,WSW,0.0
2012-11-07,07:33,16:19,08:46:07,−4:06,05:24:00,18:27:00,06:07:00,17:44:00,06:52:00,16:59:00,11:56 17.6,148.231,9.1,7.2,11.4,TR,1010,1005,9.6,32.0,SSW,0.85
2012-11-08,07:35,16:17,08:42:02,−4:04,05:26:00,18:26:00,06:09:00,17:42:00,06:54:00,16:58:00,11:56 17.3,148.195,6.5,7.1,9,0,1009,1005,7.1,28.0,SW,0.77
2012-11-09,07:37,16:15,08:38:00,−4:02,05:27:00,18:24:00,06:11:00,17:41:00,06:56:00,16:56:00,11:56 17.1,148.161,5.4,3.8,8.9,0.6,994,990,,31.0,SSW,2.82
2012-11-10,07:39,16:13,08:34:00,−3:59,05:29:00,18:23:00,06:13:00,17:39:00,06:58:00,16:54:00,11:56 16.8,148.126,3.8,0.5,7,0.4,998,994,3.0,17.0,SSW,1.16
2012-11-11,07:41,16:11,08:30:03,−3:57,05:31:00,18:21:00,06:14:00,17:38:00,06:59:00,16:52:00,11:56 16.5,148.092,1.4,1.9,5.4,TR,1016,1014,2.9,18.0,SSW,0.68
2012-11-12,07:43,16:09,08:26:08,−3:54,05:32:00,18:20:00,06:16:00,17:36:00,07:01:00,16:51:00,11:56 16.2,148.058,1.4,5.5,8.3,1.8,1011,1010,1.2,23.0,SSW,10.41
2012-11-13,07:45,16:07,08:22:16,−3:51,05:34:00,18:18:00,06:18:00,17:35:00,07:03:00,16:49:00,11:57 16.0,148.024,7.2,3.4,13.9,0.4,1010,1016,4.0,32.0,SSW,
2012-11-14,07:47,16:06,08:18:28,−3:48,05:36:00,18:17:00,06:20:00,17:33:00,07:05:00,16:48:00,11:57 15.7,147.991,5,3.2,9.4,TR,1020,1022,2.1,18.0,SSW,
2012-11-15,07:49,16:04,08:14:42,−3:45,05:37:00,18:16:00,06:21:00,17:32:00,07:07:00,16:46:00,11:57 15.5,147.957,3.1,2.2,8.6,TR,1020,1012,3.3,25.0,S,
2012-11-16,07:51,16:02,08:10:59,−3:42,05:39:00,18:14:00,06:23:00,17:31:00,07:09:00,16:45:00,11:57 15.2,147.924,5.4,2.1,8.5,1.7,1009,1004,2.3,22.0,SSE,
2012-11-17,07:53,16:01,08:07:20,−3:39,05:41:00,18:13:00,06:25:00,17:29:00,07:11:00,16:43:00,11:57 15.0,147.892,1.2,2.2,4.7,0.2,1001,1001,3.0,22.0,SSW,
2012-11-18,07:55,15:59,08:03:45,−3:35,05:42:00,18:12:00,06:26:00,17:28:00,07:12:00,16:42:00,11:58 14.7,147.859,2.1,2.2,8.7,1.8,1006,1005,3.9,22.0,SSW,5.89
2012-11-19,07:57,15:58,08:00:13,−3:31,05:44:00,18:11:00,06:28:00,17:27:00,07:14:00,16:41:00,11:58 14.5,147.828,6.4,0.2,12.7,0.1,990,992,7.9,28.0,SSW,0.8
2012-11-20,07:59,15:56,07:56:45,−3:27,05:46:00,18:10:00,06:30:00,17:26:00,07:16:00,16:39:00,11:58 14.3,147.796,8.8,5.1,12.2,0,996,994,7.2,32.0,SE,1.39
2012-11-21,08:01,15:55,07:53:22,−3:23,05:47:00,18:09:00,06:31:00,17:25:00,07:18:00,16:38:00,11:58 14.1,147.765,2.6,1,10,0.1,1003,1002,2.8,22.0,SSW,2.06
2012-11-22,08:03,15:53,07:50:02,−3:19,05:49:00,18:08:00,06:33:00,17:24:00,07:20:00,16:37:00,11:59 13.8,147.735,4.9,2.1,9.5,1.7,991,990,7.2,40.0,SSE,0.0
2012-11-23,08:05,15:52,07:46:48,−3:14,05:50:00,18:07:00,06:34:00,17:23:00,07:21:00,16:36:00,11:59 13.6,147.705,1.8,1.4,5,0,998,1006,4.3,24.0,SSW,4.89
2012-11-24,08:07,15:51,07:43:37,−3:10,05:52:00,18:06:00,06:36:00,17:22:00,07:23:00,16:35:00,11:59 13.4,147.676,0.3,2.5,2,0.4,1012,1009,0.8,11.0,SSW,3.39
2012-11-25,08:09,15:49,07:40:32,−3:05,05:53:00,18:05:00,06:38:00,17:21:00,07:25:00,16:34:00,11:59 13.2,147.648,3,2.8,3.2,3.3,1002,1004,0.4,11.0,N,0.0
2012-11-26,08:11,15:48,07:37:31,−3:00,05:54:00,18:04:00,06:39:00,17:20:00,07:26:00,16:33:00,12:00 13.1,147.621,3.3,0.1,4.4,8.7,1009,1012,3.4,24.0,N,0.0
2012-11-27,08:13,15:47,07:34:36,−2:55,05:56:00,18:04:00,06:40:00,17:19:00,07:28:00,16:32:00,12:00 12.9,147.594,2.9,2.1,4.2,7.7,1017,1020,4.1,16.0,N,0.0
2012-11-28,08:14,15:46,07:31:46,−2:49,05:57:00,18:03:00,06:42:00,17:18:00,07:29:00,16:31:00,12:00 12.7,147.568,0.8,1.1,2,0.2 s,1020,1020,1.1,13.0,N,0.04
2012-11-29,08:16,15:45,07:29:02,−2:44,05:59:00,18:02:00,06:43:00,17:18:00,07:31:00,16:30:00,12:01 12.5,147.543,1.3,3.6,0.3,0.5 s,1016,1011,0.1,3.0,SW,2.19
2012-11-30,08:18,15:44,07:26:23,−2:38,06:00:00,18:02:00,06:45:00,17:17:00,07:32:00,16:29:00,12:01 12.4,147.519,1.7,4.8,0.6,4.0 s,1012,1012,0.1,4.0,SW,0.59
2012-12-01,08:19,15:43,07:23:50,−2:32,06:01:00,18:01:00,06:46:00,17:16:00,07:34:00,16:29:00,12:01 12.2,147.495,0.1,2.5,1.1,0.6 s,1015,1014,1.7,12.0,SSE,2.09
2012-12-02,08:21,15:42,07:21:24,−2:26,06:02:00,18:01:00,06:47:00,17:16:00,07:35:00,16:28:00,12:02 12.1,147.472,3.1,4.6,1.2,1.9 s,1015,1011,0.5,13.0,S,3.75
2012-12-03,08:23,15:42,07:19:03,−2:20,06:04:00,18:00:00,06:49:00,17:15:00,07:37:00,16:27:00,12:02 11.9,147.45,0.6,6,1.3,7.2 s,999,997,2.0,20.0,SSW,0.0
2012-12-04,08:24,15:41,07:16:49,−2:13,06:05:00,18:00:00,06:50:00,17:15:00,07:38:00,16:27:00,12:03 11.8,147.429,0.1,0.2,1.2,5.7 s,1000,1007,1.0,17.0,N,0.0
2012-12-05,08:26,15:40,07:14:42,−2:07,06:06:00,18:00:00,06:51:00,17:15:00,07:39:00,16:26:00,12:03 11.7,147.409,5,1.4,2.4,0,1011,1014,2.5,16.0,W,0.08
2012-12-06,08:27,15:40,07:12:41,−2:00,06:07:00,17:59:00,06:52:00,17:14:00,07:41:00,16:26:00,12:03 11.6,147.389,3.8,10.3,2.7,4.3,999,993,2.5,29.0,S,0.0
2012-12-07,08:28,15:39,07:10:48,−1:53,06:08:00,17:59:00,06:54:00,17:14:00,07:42:00,16:25:00,12:04 11.4,147.37,0.9,3,2.8,6.2,1004,1018,3.3,21.0,N,0.0
2012-12-08,08:30,15:39,07:09:01,−1:46,06:09:00,17:59:00,06:55:00,17:14:00,07:43:00,16:25:00,12:04 11.3,147.352,2.3,2.3,5.6,2.1,1018,1011,5.8,33.0,N,7.16
2012-12-09,08:31,15:38,07:07:22,−1:39,06:10:00,17:59:00,06:56:00,17:14:00,07:44:00,16:25:00,12:05 11.2,147.334,3.2,0.7,4.6,4.3,1010,1021,9.8,32.0,SSW,
2012-12-10,08:32,15:38,07:05:50,−1:31,06:11:00,17:59:00,06:57:00,17:13:00,07:46:00,16:25:00,12:05 11.2,147.316,1,0.1,0.9,TR,1028,1032,1.1,12.0,SSW,
2012-12-11,08:33,15:38,07:04:26,−1:24,06:12:00,17:59:00,06:58:00,17:13:00,07:47:00,16:25:00,12:06 11.1,147.3,2.4,5.4,1.1,0,1032,1027,0.1,4.0,SSW,
2012-12-12,08:35,15:38,07:03:09,−1:16,06:13:00,17:59:00,06:59:00,17:13:00,07:48:00,16:25:00,12:06 11.0,147.283,3.6,8.2,0.8,0,1019,1012,0.1,4.0,SSW,
2012-12-13,08:36,15:38,07:02:00,−1:08,06:14:00,17:59:00,07:00:00,17:13:00,07:49:00,16:25:00,12:07 10.9,147.268,4.5,11.1,2.4,1.4,1007,1001,0.2,16.0,SSW,
2012-12-14,08:37,15:38,07:00:59,−1:01,06:15:00,17:59:00,07:01:00,17:14:00,07:49:00,16:25:00,12:07 10.9,147.252,2.3,11,4.3,11.1,989,975,7.9,37.0,ENE,
2012-12-15,08:38,15:38,07:00:06,−0:53,06:16:00,17:59:00,07:01:00,17:14:00,07:50:00,16:25:00,12:08 10.8,147.238,2.8,0.9,4.3,TR,975,984,4.8,23.0,SSW,
2012-12-16,08:38,15:38,06:59:21,−0:44,06:17:00,18:00:00,07:02:00,17:14:00,07:51:00,16:25:00,12:08 10.8,147.223,0.5,2.3,2.9,0.3,991,994,0.5,7.0,S,
2012-12-17,08:39,15:38,06:58:44,−0:36,06:17:00,18:00:00,07:03:00,17:14:00,07:52:00,16:25:00,12:09 10.8,147.209,1.1,2.1,4.6,0.2,997,1006,1.4,12.0,NNE,
2012-12-18,08:40,15:38,06:58:15,−0:28,06:18:00,18:00:00,07:04:00,17:15:00,07:53:00,16:25:00,12:09 10.7,147.196,0.1,0.7,5,0.2,1016,1020,0.1,5.0,WSW,0.0
2012-12-19,08:41,15:39,06:57:55,−0:20,06:19:00,18:01:00,07:04:00,17:15:00,07:53:00,16:26:00,12:10 10.7,147.184,2.1,3.9,5.7,0.1,1016,1012,9.6,44.0,SE,0.0
2012-12-20,08:41,15:39,06:57:43,−0:12,06:19:00,18:01:00,07:05:00,17:15:00,07:54:00,16:26:00,12:10 10.7,147.172,4.7,4.8,5.2,1.2,1007,1005,11.3,41.0,E,0.0
2012-12-21,08:42,15:39,06:57:39,−0:03,06:20:00,18:02:00,07:05:00,17:16:00,07:54:00,16:27:00,12:11 10.7,147.161,3.7,3.3,4.8,1.6,1010,1012,5.0,31.0,E,0.0
2012-12-22,08:42,15:40,06:57:44,+0:04,06:20:00,18:02:00,07:06:00,17:16:00,07:55:00,16:27:00,12:11 10.7,147.151,5,2.5,7.2,12.6,1002,,18.8,46.0,ESE,0.0
2012-12-23,08:43,15:41,06:57:56,+0:12,06:21:00,18:03:00,07:06:00,17:17:00,07:55:00,16:28:00,12:12 10.7,147.142,5.8,3.7,6.7,2,979,990,10.0,41.0,SW,0.08
2012-12-24,08:43,15:41,06:58:18,+0:21,06:21:00,18:03:00,07:07:00,17:18:00,07:56:00,16:29:00,12:12 10.7,147.133,1.4,2.3,1.9,0.7,993,987,1.5,21.0,SE,0.0
2012-12-25,08:43,15:42,06:58:47,+0:29,06:21:00,18:04:00,07:07:00,17:18:00,07:56:00,16:29:00,12:13 10.8,147.126,0.9,3.2,4.2,2.3,985,989,2.4,,SSW,0.7
2012-12-26,08:43,15:43,06:59:24,+0:37,06:22:00,18:05:00,07:07:00,17:19:00,07:56:00,16:30:00,12:13 10.8,147.119,0.1,0.4,1.7,0.5 s,997,996,0.5,12.0,ESE,3.93
2012-12-27,08:44,15:44,07:00:10,+0:45,06:22:00,18:05:00,07:07:00,17:20:00,07:56:00,16:31:00,12:14 10.8,147.113,0.2,4.3,4.8,0.2,1004,1011,2.2,16.0,NE,0.0
2012-12-28,08:44,15:45,07:01:04,+0:53,06:22:00,18:06:00,07:08:00,17:21:00,07:56:00,16:32:00,12:14 10.9,147.108,6.3,1.4,12.2,0,997,986,9.5,41.0,SSW,0.17
2012-12-29,08:44,15:46,07:02:06,+1:01,06:22:00,18:07:00,07:08:00,17:22:00,07:57:00,16:33:00,12:15 10.9,147.104,5.8,4.5,7.5,TR,985,983,11.5,50.0,SSW,0.58
2012-12-30,08:43,15:47,07:03:16,+1:09,06:22:00,18:08:00,07:08:00,17:22:00,07:57:00,16:34:00,12:15 11.0,147.101,2,0.2,9,3.3,986,989,8.4,29.0,SSW,0.0
2012-12-31,08:43,15:48,07:04:33,+1:17,06:22:00,18:09:00,07:08:00,17:23:00,07:56:00,16:35:00,12:15 11.1,147.099,4.7,1.2,8.1,0.5,976,994,6.9,34.0,SSW,0.07
2013-01-01,08:43,15:49,07:05:59,+1:25,06:22:00,18:10:00,07:08:00,17:24:00,07:56:00,16:36:00,12:16 11.2,147.098,2.6,0.2,5,8.8,994,1011,5.7,23.0,SSW,0.31
2013-01-02,08:43,15:50,07:07:32,+1:32,06:22:00,18:11:00,07:08:00,17:26:00,07:56:00,16:37:00,12:16 11.3,147.098,6.1,1.5,10.9,0.1,1010,1012,6.8,29.0,SW,2.94
2013-01-03,08:42,15:52,07:09:12,+1:40,06:22:00,18:12:00,07:07:00,17:27:00,07:56:00,16:38:00,12:17 11.4,147.099,8.9,3.9,10.4,0,1021,1024,10.6,32.0,SSW,1.98
2013-01-04,08:42,15:53,07:11:00,+1:47,06:22:00,18:13:00,07:07:00,17:28:00,07:56:00,16:39:00,12:17 11.5,147.1,8.5,7.2,10.4,0,1028,1029,8.5,32.0,SSW,0.0
2013-01-05,08:41,15:54,07:12:54,+1:54,06:22:00,18:14:00,07:07:00,17:29:00,07:55:00,16:41:00,12:18 11.6,147.103,5.8,1.4,10.2,0.1,1026,1024,3.8,23.0,SSW,0.0
2013-01-06,08:41,15:56,07:14:56,+2:01,06:21:00,18:15:00,07:07:00,17:30:00,07:55:00,16:42:00,12:18 11.7,147.106,5.1,0.1,9.6,TR,1027,1020,2.4,30.0,S,0.0
2013-01-07,08:40,15:57,07:17:05,+2:08,06:21:00,18:16:00,07:06:00,17:31:00,07:54:00,16:43:00,12:19 11.8,147.11,6.8,0.5,7.2,5.4,1018,1016,0.7,11.0,S,
2013-01-08,08:40,15:59,07:19:21,+2:15,06:21:00,18:18:00,07:06:00,17:33:00,07:54:00,16:45:00,12:19 12.0,147.114,5.6,2,10.6,0,1013,1018,3.4,30.0,SSW,1.16
2013-01-09,08:39,16:01,07:21:43,+2:22,06:20:00,18:19:00,07:05:00,17:34:00,07:53:00,16:46:00,12:19 12.1,147.119,4.1,0.7,6.1,0.3,1019,1017,3.7,16.0,SW,0.32
2013-01-10,08:38,16:02,07:24:11,+2:28,06:20:00,18:20:00,07:05:00,17:35:00,07:53:00,16:48:00,12:20 12.2,147.125,0.8,2,5.6,0,1016,1015,0.7,11.0,SE,1.01
2013-01-11,08:37,16:04,07:26:46,+2:34,06:19:00,18:22:00,07:04:00,17:37:00,07:52:00,16:49:00,12:20 12.4,147.131,0.7,5.8,3.3,0,1016,1015,,5.0,SW,1.7
2013-01-12,08:36,16:06,07:29:27,+2:40,06:19:00,18:23:00,07:04:00,17:38:00,07:51:00,16:51:00,12:21 12.6,147.138,2.3,6.5,2,1.1 s,1017,1019,1.1,13.0,SSW,2.04
2013-01-13,08:35,16:07,07:32:13,+2:46,06:18:00,18:24:00,07:03:00,17:40:00,07:50:00,16:52:00,12:21 12.7,147.145,1.6,3.3,1.4,0.5 s,1017,1015,1.1,13.0,SSE,0.0
2013-01-14,08:34,16:09,07:35:05,+2:51,06:18:00,18:26:00,07:02:00,17:41:00,07:49:00,16:54:00,12:21 12.9,147.152,2.7,5.8,0.5,2.8 s,1009,1009,1.2,12.0,SSE,2.29
2013-01-15,08:33,16:11,07:38:02,+2:57,06:17:00,18:27:00,07:01:00,17:43:00,07:49:00,16:55:00,12:22 13.1,147.161,5.6,4.6,2.4,0,1013,1012,0.1,4.0,SSW,5.22
2013-01-16,08:32,16:13,07:41:05,+3:02,06:16:00,18:29:00,07:01:00,17:44:00,07:48:00,16:57:00,12:22 13.3,147.17,6.8,12.3,0.1,0,1012,1014,0.1,3.0,N,0.0
2013-01-17,08:31,16:15,07:44:12,+3:07,06:15:00,18:30:00,07:00:00,17:46:00,07:47:00,16:59:00,12:22 13.5,147.179,0.7,9.1,2,0.2 s,1015,1010,6.0,31.0,SE,3.06
2013-01-18,08:29,16:17,07:47:25,+3:12,06:14:00,18:32:00,06:59:00,17:47:00,07:46:00,17:01:00,12:23 13.7,147.189,0.5,0.4,0.6,1.2 s,1007,1004,10.2,32.0,E,1.46
2013-01-19,08:28,16:19,07:50:42,+3:17,06:14:00,18:33:00,06:58:00,17:49:00,07:44:00,17:02:00,12:23 13.9,147.2,0.4,0.8,1.6,0.2 s,1007,1009,5.4,23.0,ENE,0.17
2013-01-20,08:27,16:21,07:54:04,+3:21,06:13:00,18:35:00,06:57:00,17:51:00,07:43:00,17:04:00,12:23 14.1,147.212,1.6,1.9,1.1,0.2 s,1006,1004,2.1,14.0,ENE,0.0
2013-01-21,08:25,16:23,07:57:30,+3:26,06:12:00,18:36:00,06:56:00,17:52:00,07:42:00,17:06:00,12:24 14.3,147.225,0.9,1.9,1,2.6 s,1004,1004,9.0,31.0,ENE,0.0
2013-01-22,08:24,16:25,08:01:00,+3:30,06:10:00,18:38:00,06:54:00,17:54:00,07:41:00,17:08:00,12:24 14.5,147.238,0.5,0.9,0.3,0,1008,1011,6.1,32.0,ENE,0.27
2013-01-23,08:22,16:27,08:04:34,+3:34,06:09:00,18:40:00,06:53:00,17:56:00,07:39:00,17:10:00,12:24 14.8,147.252,3.2,6.8,1,0,1012,1016,0.8,14.0,SSE,0.0
2013-01-24,08:21,16:29,08:08:12,+3:37,06:08:00,18:41:00,06:52:00,17:57:00,07:38:00,17:11:00,12:24 15.0,147.267,1.9,6.8,2.1,0,1018,1014,1.3,15.0,NNE,3.22
2013-01-25,08:19,16:31,08:11:54,+3:41,06:07:00,18:43:00,06:51:00,17:59:00,07:37:00,17:13:00,12:25 15.3,147.283,1.3,3.9,2.9,3,1006,994,2.4,19.0,SSE,0.0
2013-01-26,08:17,16:33,08:15:39,+3:45,06:06:00,18:45:00,06:50:00,18:01:00,07:35:00,17:15:00,12:25 15.5,147.3,2,0.4,6,1.9,997,983,6.3,31.0,SSW,4.24
2013-01-27,08:16,16:35,08:19:28,+3:48,06:05:00,18:46:00,06:48:00,18:03:00,07:34:00,17:17:00,12:25 15.8,147.317,2.8,0.4,4.7,5.9,973,982,9.2,31.0,SSW,2.82
2013-01-28,08:14,16:37,08:23:19,+3:51,06:03:00,18:48:00,06:47:00,18:04:00,07:32:00,17:19:00,12:25 16.0,147.336,2.7,0.6,6,0.3,,974,9.9,33.0,SSW,0.46
2013-01-29,08:12,16:39,08:27:14,+3:54,06:02:00,18:50:00,06:45:00,18:06:00,07:31:00,17:21:00,12:25 16.3,147.355,6.1,1.5,7.7,0.8,989,975,11.9,55.0,SSW,0.0
2013-01-30,08:10,16:42,08:31:11,+3:57,06:00:00,18:52:00,06:44:00,18:08:00,07:29:00,17:23:00,12:26 16.6,147.375,4.8,4.4,6.2,4.6,981,997,18.6,54.0,SSW,2.51
2013-01-31,08:08,16:44,08:35:12,+4:00,05:59:00,18:53:00,06:42:00,18:10:00,07:27:00,17:25:00,12:26 16.9,147.396,2.6,0.6,4.2,3.7,990,995,3.0,23.0,SSW,0.0
